-- --------------------------------------------------------
-- Servidor:                     sap_tea.mysql.dbaas.com.br
-- Versão do servidor:           5.7.32-35-log - Percona Server (GPL), Release 35, Revision 5688520
-- OS do Servidor:               Linux
-- HeidiSQL Versão:              12.10.0.7000
-- --------------------------------------------------------

/*!40101 SET @OLD_CHARACTER_SET_CLIENT=@@CHARACTER_SET_CLIENT */;
/*!40101 SET NAMES utf8 */;
/*!50503 SET NAMES utf8mb4 */;
/*!40103 SET @OLD_TIME_ZONE=@@TIME_ZONE */;
/*!40103 SET TIME_ZONE='+00:00' */;
/*!40014 SET @OLD_FOREIGN_KEY_CHECKS=@@FOREIGN_KEY_CHECKS, FOREIGN_KEY_CHECKS=0 */;
/*!40101 SET @OLD_SQL_MODE=@@SQL_MODE, SQL_MODE='NO_AUTO_VALUE_ON_ZERO' */;
/*!40111 SET @OLD_SQL_NOTES=@@SQL_NOTES, SQL_NOTES=0 */;

-- Copiando estrutura para tabela sap_tea.aluno
CREATE TABLE IF NOT EXISTS `aluno` (
  `alu_id` int(11) NOT NULL AUTO_INCREMENT,
  `alu_dt_cad` date DEFAULT NULL,
  `alu_ra` varchar(20) NOT NULL,
  `alu_nome` varchar(255) CHARACTER SET utf8mb4 COLLATE utf8mb4_unicode_ci DEFAULT NULL,
  `alu_dtnasc` date DEFAULT NULL,
  `alu_inep` varchar(15) CHARACTER SET utf8mb4 COLLATE utf8mb4_unicode_ci DEFAULT NULL,
  `alu_nome_resp` varchar(200) DEFAULT NULL,
  `alu_tipo_parentesco` varchar(100) DEFAULT NULL,
  `alu_email_resp` varchar(150) DEFAULT NULL,
  `alu_tel_resp` varchar(20) DEFAULT NULL,
  `flag_perfil` char(1) DEFAULT NULL,
  `flag_inventario` char(1) DEFAULT NULL,
  PRIMARY KEY (`alu_id`)
) ENGINE=InnoDB AUTO_INCREMENT=109 DEFAULT CHARSET=utf8mb4;

-- Copiando dados para a tabela sap_tea.aluno: ~106 rows (aproximadamente)
INSERT INTO `aluno` (`alu_id`, `alu_dt_cad`, `alu_ra`, `alu_nome`, `alu_dtnasc`, `alu_inep`, `alu_nome_resp`, `alu_tipo_parentesco`, `alu_email_resp`, `alu_tel_resp`, `flag_perfil`, `flag_inventario`) VALUES
	(1, '2025-04-29', '3456789012', 'Gabriel Martins Rocha Souza', '2018-10-30', '78901234', 'André Gomes Pereira Santos Almeida', 'Padrasto', 'gabriel.souza876@email.com', '(11) 91432-7654', '', ''),
	(2, '2025-04-29', '4567890123', 'Larissa Oliveira Santos Costa', '2019-12-23', '15874269', 'Lorena Nogueira Barbosa Costa Silva', 'Madrasta', 'larissa.costa223@email.com', '(11) 97865-4321', '', ''),
	(3, '2025-04-29', '5678901234', 'Felipe Almeida Lima Rocha', '2017-02-04', '15874269', 'Bruno Oliveira Costa Lima Rocha', 'Tutor', 'felipe.almeida567@email.com', '(11) 91987-6543', '*', '*'),
	(4, '2025-04-29', '6789012345', 'Mariana Pereira Silva Nogueira', '2016-05-17', '15874269', 'Aline Silva Santos Pereira Gomes', 'Responsável legal', 'mariana.rodrigues890@email.com', '(11) 93765-4321', '', ''),
	(5, '2025-04-29', '7890123456', 'Tiago Costa Almeida Oliveira', '2018-08-21', '15874269', 'Vitor Alves Martins Souza Barbosa', 'Curador', 'tiago.martins234@email.com', '(11) 96123-4567', '', ''),
	(6, '2025-04-29', '8901234567', 'Aline Souza Lima Barbosa', '2019-11-12', '15874269', 'Larissa Lima Pinto Oliveira Souza', 'Guardião', 'aline.silva111@email.com', '(11) 92345-6789', '*', '*'),
	(7, '2025-04-29', '9012345678', 'Igor Pereira Rocha Almeida', '2016-01-03', '15874269', 'Matheus Pereira Almeida Costa Nogueira', 'Pai afetivo', 'igor.pereira345@email.com', '(11) 93456-7890', '', ''),
	(8, '2025-04-29', '7689012345', 'Paula Costa Santos Pereira', '2019-02-22', '15874269', 'Rafaela Silva Souza Pereira Lima', 'Mãe temporária', 'paula.santos234@email.com', '(11) 98123-4567', '', ''),
	(9, '2025-04-29', '8790123456', 'Rodrigo Silva Almeida Lima', '2016-04-28', '15874269', 'Bruna Oliveira Santos Nogueira Alves', 'Pai substituto', 'rodrigo.rocha987@email.com', '(11) 96345-6789', '', ''),
	(10, '2025-04-29', '9801234567', 'Isabela Barbosa Rocha Nogueira', '2017-07-14', '15874269', 'Diego Almeida Lima Pereira Rocha', 'Mãe substituta', 'isabela.costa876@email.com', '(11) 93256-7890', '', '*'),
	(11, '2025-04-29', '3467890123', 'Eduardo Souza Almeida Costa', '2018-10-15', '15874269', 'Sara Martins Santos Oliveira Silva', 'Pai de adoção', 'eduardo.pereira654@email.com', '(11) 97654-3210', '', '*'),
	(12, '2025-04-29', '4578901234', 'Rafaela Lima Pereira Rocha', '2019-11-06', '15874269', 'Carlos Pereira Costa Barbosa Nogueira', 'Mãe de adoção', 'rafaela.almeida112@email.com', '(11) 91234-5678', '', ''),
	(13, '2025-04-29', '5689012345', 'Lucas Almeida Santos Costa', '2016-03-20', '15874269', 'Tiago Rocha Oliveira Souza Lima', 'Pai de afeto', 'lucas.barbosa908@email.com', '(11) 98321-7654', '', '*'),
	(14, '2025-04-29', '6790123456', 'Gabriela Oliveira Lima Martins', '2017-08-11', '15874269', 'Ana Clara Souza Alves Pereira Martins', 'Mãe de afeto', 'gabriela.lima223@email.com', '(11) 96123-4567', '*', '*'),
	(15, '2025-04-29', '7801234567', 'Gustavo Rocha Silva Pereira', '2018-12-30', '15874269', 'Felipe Gomes Oliveira Barbosa Lima', 'Pai de sangue', 'gustavo.martins345@email.com', '(11) 98765-4321', '*', '*'),
	(16, '2025-04-29', '8912345678', 'Renata Costa Nogueira Lima', '2019-05-08', '15874269', 'Igor Silva Santos Rocha Nogueira', 'Mãe de sangue', 'renata.rodrigues567@email.com', '(11) 93456-7890', '', ''),
	(17, '2025-04-29', '9023456789', 'Sérgio Lima Almeida Santos', '2017-01-24', '15874269', 'Camila Lima Alves Santos Pereira', 'Responsável por guarda compartilhada', 'sérgio.silva432@email.com', '(11) 91123-4567', '', ''),
	(18, '2025-04-29', '1012345678', 'Vanessa Oliveira Rocha Souza', '2018-07-02', '15874269', 'João Pedro Rocha Oliveira Costa Lima', 'Responsável por guarda unilateral', 'vanessa.almeida345@email.com', '(11) 97345-6789', '', ''),
	(19, '2025-04-29', '2123456789', 'Matheus Pereira Almeida Silva', '2019-09-19', '15874269', 'Vivi Rocha Costa Nogueira Souza', 'Pai biológico de criação', 'matheus.rocha112@email.com', '(11) 96654-3210', '', ''),
	(20, '2025-04-29', '3234567890', 'Priscila Lima Souza Rocha', '2016-03-09', '15874269', 'Jorge Souza Oliveira Lima Barbosa', 'Mãe biológica de criação', 'cristiane.costa234@email.com', '(11) 99876-5432', '', ''),
	(21, '2025-04-29', '4345678901', 'Leandro Oliveira Costa Martins', '2017-06-26', '15874269', 'Nicole Pereira Lima Santos Rocha', 'Pai de visitação', 'ricardo.souza567@email.com', '(11) 92654-3210', '', '*'),
	(22, '2025-04-29', '8789012345', 'Fábio Costa Santos Lima', '2018-12-03', '15874269', 'Thiago Oliveira Costa Nogueira Almeida', 'Pai de afiliação', 'thais.pinto234@email.com', '(11) 96345-6789', '*', '*'),
	(23, '2025-04-29', '9890123456', 'Thais Souza Almeida Nogueira', '2019-02-21', '15874269', 'Gabriela Nogueira Lima Souza Costa', 'Mãe de afiliação', 'josé.santos345@email.com', '(11) 92456-7890', '', ''),
	(24, '2025-04-29', '2101234567', 'José Roberto Lima Rocha', '2017-06-14', '15874269', 'Marcos Silva Almeida Oliveira Pinto', 'Responsável por tutela', 'beatriz.silva223@email.com', '(11) 90987-6543', '', '*'),
	(25, '2025-04-29', '3212345678', 'Beatriz Almeida Lima Costa', '2018-09-01', '15874269', 'Lúcia Costa Nogueira Lima Souza', 'Responsável por curatela', 'raquel.martins432@email.com', '(11) 94123-4567', '*', '*'),
	(26, '2025-04-29', '4323456789', 'Raquel Pereira Santos Lima', '2019-11-07', '15874269', 'Arthur Barbosa Lima Almeida Rocha', 'Pai de abrigo', 'lucas.santos876@email.com', '(11) 97456-7890', '', ''),
	(27, '2025-04-29', '5434567890', 'Lucas Rocha Silva Almeida', '2017-02-12', '15874269', 'Juliana Silva Lima Pereira Santos', 'Mãe de abrigo', 'gabriela.rocha345@email.com', '(11) 93654-3210', '', '*'),
	(28, '2025-04-29', '6545678901', 'Sofia Oliveira Nogueira Rocha', '2018-04-09', '15874269', 'Renata Pereira Nogueira Souza Lima', 'Pai de acolhimento', 'gustavo.lima987@email.com', '(11) 91234-5678', '', ''),
	(29, '2025-04-29', '6543210987', 'Rodrigo Pereira Rocha Costa', '2019-10-22', '12375642', 'Nicole Silva Souza Lima Barbosa', 'Mãe com visitação regular', 'luciana.rocha432@email.com', '(11) 98123-4567', '', ''),
	(30, '2025-04-29', '7654321098', 'Karina Almeida Souza Rocha', '2016-03-15', '12375642', 'Guilherme Oliveira Pinto Costa Rocha', 'Pai com responsabilidade compartilhada', 'rafaela.silva223@email.com', '(11) 96234-5678', '', ''),
	(31, '2025-04-29', '8765432109', 'Eduardo Oliveira Nogueira Lima', '2017-06-10', '12375642', 'Viviane Souza Lima Nogueira Pereira', 'Mãe com responsabilidade compartilhada', 'josé.lima890@email.com', '(11) 91567-4321', '', ''),
	(32, '2025-04-29', '1023456789', 'Fernanda Lima Oliveira Costa', '2017-06-18', '12375642', 'Beatriz Santos Oliveira Silva Lima', 'Mãe afetiva', 'fernanda.barbosa876@email.com', '(11) 90567-8910', '', ''),
	(33, '2025-04-29', '2134567890', 'Victor Souza Rocha Martins', '2018-10-10', '12375642', 'Henrique Carvalho Souza Lima Pinto', 'Pai de coração', 'victor.rocha654@email.com', '(11) 98234-5678', '', ''),
	(34, '2025-04-29', '3245678901', 'Camila Nogueira Lima Oliveira', '2019-03-25', '12375642', 'Priscila Rocha Nogueira Alves Barbosa', 'Mãe de coração', 'camila.souza908@email.com', '(11) 91567-4321', '', ''),
	(35, '2025-04-29', '4356789012', 'Bruno Silva Costa Barbosa', '2016-05-13', '12375642', 'Leandro Pereira Oliveira Costa Santos', 'Pai de guarda', 'bruno.lima567@email.com', '(11) 92876-5432', '', ''),
	(36, '2025-04-29', '5467890123', 'Larissa Martins Pereira Almeida', '2017-07-07', '12375642', 'Fernanda Souza Lima Martins Rocha', 'Mãe de guarda', 'larissa.almeida876@email.com', '(11) 99654-3210', '', ''),
	(37, '2025-04-29', '6578901234', 'Diego Oliveira Lima Rocha', '2018-09-19', '12375642', 'José Costa Barbosa Nogueira Almeida', 'Pai temporário', 'diego.pinto223@email.com', '(11) 98987-6543', '', ''),
	(38, '2025-04-29', '5456789012', 'Larissa Nogueira Silva Almeida', '2018-08-05', '12375642', 'Rafael Silva Barbosa Nogueira Lima', 'Mãe de visitação', 'juliano.lima654@email.com', '(11) 92234-5678', '', ''),
	(39, '2025-04-29', '6567890123', 'Marcos Lima Souza Pereira', '2019-01-11', '12375642', 'Lucas Santos Pereira Almeida Rocha', 'Pai biológico em regime de visitas', 'larissa.barbosa223@email.com', '(11) 91865-4321', '', ''),
	(40, '2025-04-29', '7678901234', 'Camila Rocha Almeida Oliveira', '2017-04-20', '12375642', 'Patrícia Lima Alves Barbosa Oliveira', 'Mãe biológica em regime de visitas', 'fábio.rodrigues890@email.com', '(11) 93567-4321', '', ''),
	(41, '2025-04-29', '7656789012', 'Marcelo Lima Pereira Costa', '2019-05-28', '12375642', 'Ricardo Lima Rocha Alves Souza', 'Mãe de acolhimento', 'renata.almeida223@email.com', '(11) 98321-7654', '', ''),
	(42, '2025-04-29', '8767890123', 'Paula Barbosa Souza Lima', '2016-01-13', '12375642', 'Bruno Costa Almeida Santos Lima', 'Pai colaborador', 'marcelo.pereira908@email.com', '(11) 93987-6543', '', ''),
	(43, '2025-04-29', '9878901234', 'Felipe Costa Nogueira Almeida', '2017-03-27', '12375642', 'Karina Oliveira Pereira Barbosa Lima', 'Mãe colaboradora', 'paula.martins567@email.com', '(11) 92234-5678', '', ''),
	(44, '2025-04-29', '1098765432', 'Vitória Souza Lima Rocha', '2018-10-01', '12375642', 'Eduardo Souza Lima Rocha Nogueira', 'Pai com convivência alternada', 'felipe.rodrigues223@email.com', '(11) 96654-3210', '', ''),
	(45, '2025-04-29', '2109876543', 'Anderson Martins Almeida Lima', '2019-12-25', '78901234', 'Sofia Santos Pereira Lima Rocha', 'Mãe com convivência alternada', 'lucas.costa112@email.com', '(11) 97456-7890', '', ''),
	(46, '2025-04-29', '3210987654', 'Mariana Rocha Costa Pereira', '2016-06-18', '78901234', 'Fábio Almeida Oliveira Pinto Costa', 'Responsável familiar', 'isabela.barbosa345@email.com', '(11) 90765-4321', '', ''),
	(47, '2025-04-29', '4321098765', 'Ricardo Lima Souza Barbosa', '2017-05-05', '78901234', 'Clara Costa Pereira Lima Nogueira', 'Responsável institucional', 'tiago.lima876@email.com', '(11) 91432-7654', '', ''),
	(48, '2025-04-29', '5432109876', 'Cristiane Silva Lima Nogueira', '2018-08-20', '78901234', 'Leandro Santos Almeida Lima Rocha', 'Pai com visitação regular', 'andré.souza987@email.com', '(11) 92765-4321', '', ''),
	(49, '2025-04-29', '1234567890', 'João Souza Silva Pereira', '2016-02-15', '78901234', 'Felipe Souza Costa Almeida Silva', 'Pai', 'joao.silva123@email.com', '(11) 91234-5678', '', ''),
	(50, '2025-04-29', '9876543210', 'Maria Oliveira Santos Costa', '2017-03-02', '78901234', 'Juliana Pereira Barbosa Nogueira Costa', 'Mãe', 'maria.oliveira456@email.com', '(11) 91876-5432', '', ''),
	(51, '2025-04-29', '1122334455', 'Carlos Almeida Rocha Pinto', '2016-05-11', '78901234', 'Tiago Oliveira Santos Lima Rocha', 'Pai biológico', 'pedro.martins789@email.com', '(11) 93765-4321', '', ''),
	(52, '2025-04-29', '9988776655', 'Ana Paula Lima Costa Souza', '2017-07-24', '78901234', 'Isabela Carvalho Almeida Souza Pinto', 'Mãe biológica', 'beatriz.lima112@email.com', '(11) 99123-4567', '', ''),
	(53, '2025-04-29', '2233445566', 'Pedro Henrique Santos Almeida', '2018-09-08', '78901234', 'Gustavo Lima Silva Pereira Santos', 'Pai adotivo', 'carlos.rocha987@email.com', '(11) 98876-5432', '', ''),
	(54, '2025-04-29', '4455667788', 'Beatriz Nogueira Silva Lima', '2019-01-20', '78901234', 'Mariana Costa Alves Pereira Martins', 'Mãe adotiva', 'ana.santos334@email.com', '(11) 96987-6543', '', ''),
	(55, '2025-04-29', '6677889900', 'Rafael Oliveira Rocha Almeida', '2016-04-14', '78901234', 'Rafael Oliveira Almeida Rocha Dias', 'Pai de criação', 'rafael.oliveira654@email.com', '(11) 93876-4321', '', ''),
	(56, '2025-04-29', '2345678901', 'Juliana Costa Almeida Silva', '2017-06-09', '78901234', 'Camila Barbosa Silva Lima Oliveira', 'Mãe de criação', 'juliana.pinto432@email.com', '(11) 92345-6789', '', ''),
	(57, '2025-05-13', '20230001', 'Ana Clara Martins', '2012-05-15', '23456789', 'Juliana Martins', 'Mãe', 'juliana.martins@email.com', '11912345678', '', ''),
	(58, '2025-05-13', '20230002', 'Pedro Henrique Souza', '2011-08-22', '23456789', 'Carlos Souza', 'Pai', 'carlos.souza@email.com', '11987654321', '', ''),
	(59, '2025-05-13', '20230003', 'Laura Beatriz Lima', '2010-03-09', '23456789', 'Sandra Lima', 'Mãe', 'sandra.lima@email.com', '11998882233', '', ''),
	(60, '2025-05-13', '20230004', 'Miguel Rocha Santos', '2013-07-01', '23456789', 'Roberto Santos', 'Pai', 'roberto.santos@email.com', '11934567890', '', ''),
	(61, '2025-05-13', '20230005', 'Sofia Gabriela Alves', '2014-11-18', '23456789', 'Fernanda Alves', 'Mãe', 'fernanda.alves@email.com', '11978901234', '', ''),
	(62, '2025-05-13', '20230006', 'Lucas Vinicius Costa', '2012-02-25', '23456789', 'Marcos Costa', 'Pai', 'marcos.costa@email.com', '11976543210', '', ''),
	(63, '2025-05-13', '20230007', 'Helena Cristina Dias', '2015-10-30', '23456789', 'Daniela Dias', 'Mãe', 'daniela.dias@email.com', '11965432109', '', ''),
	(64, '2025-05-13', '20230008', 'João Pedro Fernandes', '2013-09-07', '23456789', 'Amanda Fernandes', 'Mãe', 'amanda.fernandes@email.com', '11998123456', '', ''),
	(65, '2025-05-13', '20230009', 'Isabella Moraes', '2011-09-16', '23456789', 'João Moraes', 'Pai', 'joao.moraes@email.com', '11912456789', '', ''),
	(66, '2025-05-13', '20230010', 'Guilherme Nascimento', '2010-01-23', '23456789', 'Maria Nascimento', 'Mãe', 'maria.nascimento@email.com', '11934781122', '', ''),
	(67, '2025-05-13', '20230011', 'Júlia Fernanda Teixeira', '2012-12-11', '23456789', 'Lucas Teixeira', 'Pai', 'lucas.teixeira@email.com', '11967890001', '', ''),
	(68, '2025-05-13', '20230012', 'Enzo Gabriel Ribeiro', '2013-05-05', '23456789', 'Patrícia Ribeiro', 'Mãe', 'patricia.ribeiro@email.com', '11998234567', '', ''),
	(69, '2025-05-13', '20230013', 'Valentina Assis', '2014-03-03', '23456789', 'Cláudia Assis', 'Mãe', 'claudia.assis@email.com', '11996321144', '', ''),
	(70, '2025-05-13', '20230014', 'Bernardo Silveira', '2012-04-28', '23456789', 'Eduardo Silveira', 'Pai', 'eduardo.silveira@email.com', '11945677890', '', ''),
	(71, '2025-05-13', '20230015', 'Manuela Duarte', '2015-06-13', '23456789', 'Adriana Duarte', 'Mãe', 'adriana.duarte@email.com', '11952341212', '', ''),
	(72, '2025-05-13', '20230016', 'Rafael Cardoso', '2013-07-19', '23456789', 'Tatiane Cardoso', 'Mãe', 'tatiane.cardoso@email.com', '11976214321', '', ''),
	(73, '2025-05-13', '20230017', 'Alice Figueiredo', '2014-08-21', '23456789', 'Sérgio Figueiredo', 'Pai', 'sergio.figueiredo@email.com', '11998445566', '*', ''),
	(74, '2025-05-13', '20230018', 'Davi Oliveira', '2016-10-02', '23456789', 'Joana Oliveira', 'Mãe', 'joana.oliveira@email.com', '11983452233', '', ''),
	(75, '2025-05-13', '20230019', 'Mariana Costa', '2015-11-12', '23456789', 'Vitor Costa', 'Pai', 'vitor.costa@email.com', '11986325544', '', ''),
	(76, '2025-05-13', '20230020', 'Heitor Lima', '2011-01-29', '23456789', 'Lúcia Lima', 'Mãe', 'lucia.lima@email.com', '11965672234', '', ''),
	(77, '2025-05-13', '20230021', 'Clara Antunes', '2014-02-04', '23456789', 'Renata Antunes', 'Mãe', 'renata.antunes@email.com', '11978904455', '', ''),
	(78, '2025-05-13', '20230022', 'Samuel Mendes', '2012-03-14', '23456789', 'André Mendes', 'Pai', 'andre.mendes@email.com', '11956783211', '', ''),
	(79, '2025-05-13', '20230023', 'Eloá Matos', '2013-05-27', '23456789', 'Rosa Matos', 'Avó', 'rosa.matos@email.com', '11967881199', '', ''),
	(80, '2025-05-13', '20230024', 'Lorenzo Pires', '2010-01-08', '23456789', 'jonas.pires@email.com', 'Pai', 'jonas.pires@email.com', '11988993344', '', ''),
	(81, '2025-05-13', '20230025', 'Lívia Ramos', '2011-08-30', '23456789', 'Adriana Ramos', 'Mãe', 'adriana.ramos@email.com', '11912344455', '', ''),
	(82, '2025-05-13', '20230026', 'Isaac Freitas', '2012-10-20', '23456789', 'Silvia Freitas', 'Mãe', 'silvia.freitas@email.com', '11934569988', '', ''),
	(83, '2025-05-13', '20230027', 'Letícia Mora', '2014-11-11', '23456789', 'Cláudia Mora', 'Madrasta', 'claudia.mora@email.com', '11956788877', '', ''),
	(84, '2025-05-13', '20230028', 'Matheus Torres', '2013-12-17', '23456789', 'Roberto Torres', 'Pai', 'roberto.torres@email.com', '11989903345', '', ''),
	(85, '2025-05-13', '20230029', 'Rebeca Souza', '2011-01-06', '23456789', 'Silvia Souza', 'Mãe', 'silvia.souza@email.com', '11964321144', '', ''),
	(86, '2025-05-13', '20230030', 'Theo Araújo', '2015-04-19', '23456789', 'Pedro Araújo', 'Pai', 'pedro.araujo@email.com', '11978885566', '', ''),
	(87, '2025-05-13', '20230031', 'Bianca Silva', '2012-06-15', '23456789', 'Angela Silva', 'Mãe', 'angela.silva@email.com', '11976667788', '', ''),
	(88, '2025-05-13', '20230032', 'Caio Tavares', '2010-09-28', '23456789', 'Marcelo Tavares', 'Pai', 'marcelo.tavares@email.com', '11987774455', '', ''),
	(89, '2025-05-13', '20230033', 'Milena Lopes', '2013-03-10', '23456789', 'Bruna Lopes', 'Mãe', 'bruna.lopes@email.com', '11998886677', '', ''),
	(90, '2025-05-13', '20230034', 'Vinícius Barros', '2011-07-12', '23456789', 'Fabiana Barros', 'Mãe', 'fabiana.barros@email.com', '11945677788', '', ''),
	(91, '2025-05-13', '20230035', 'Yasmin Almeida', '2014-02-03', '23456789', 'Renato Almeida', 'Pai', 'renato.almeida@email.com', '11978909988', '', ''),
	(92, '2025-05-13', '20230036', 'Eduardo Sales', '2016-05-27', '23456789', 'Marisa Sales', 'Mãe', 'marisa.sales@email.com', '11977663344', '', ''),
	(93, '2025-05-13', '20230037', 'Heloísa Coutinho', '2012-08-04', '23456789', 'Vera Coutinho', 'Avó', 'vera.coutinho@email.com', '11988771122', '', ''),
	(94, '2025-05-13', '20230038', 'Noah Vieira', '2014-09-22', '23456789', 'Guilherme Vieira', 'Pai', 'guilherme.vieira@email.com', '11932214433', '', ''),
	(95, '2025-05-13', '20230039', 'Emily Correia', '2013-12-07', '23456789', 'Daniela Correia', 'Mãe', 'daniela.correia@email.com', '11976542211', '', ''),
	(96, '2025-05-13', '20230040', 'Nicolas Reis', '2011-11-25', '23456789', 'Ricardo Reis', 'Pai', 'ricardo.reis@email.com', '11989906677', '', ''),
	(97, '2025-05-13', '20230041', 'Stella Cardoso', '2015-01-16', '23456789', 'Teresa Cardoso', 'Mãe', 'teresa.cardoso@email.com', '11987884433', '', ''),
	(98, '2025-05-13', '20230042', 'Anthony Martins', '2013-04-18', '23456789', 'Juliano Martins', 'Pai', 'juliano.martins@email.com', '11964445599', '', ''),
	(99, '2025-05-13', '20230043', 'Ísis Peixoto', '2010-09-11', '23456789', 'Renata Peixoto', 'Mãe', 'renata.peixoto@email.com', '11988223344', '', ''),
	(100, '2025-05-13', '20230044', 'Kevin Batista', '2012-03-02', '23456789', 'Neide Batista', 'Mãe', 'neide.batista@email.com', '11976322233', '', ''),
	(101, '2025-05-13', '20230045', 'Brenda Santos', '2013-06-09', '23456789', 'Cláudio Santos', 'Pai', 'claudio.santos@email.com', '11965448899', '', ''),
	(102, '2025-05-13', '20230046', 'Daniel Ferreira', '2014-10-14', '23456789', 'Érica Ferreira', 'Mãe', 'erica.ferreira@email.com', '11934569900', '', ''),
	(103, '2025-05-13', '20230047', 'Lorena Nunes', '2012-07-06', '23456789', 'Isabel Nunes', 'Mãe', 'isabel.nunes@email.com', '11998763344', '', ''),
	(104, '2025-05-13', '20230048', 'Ryan Lopes', '2015-08-13', '23456789', 'André Lopes', 'Padrasto', 'andre.lopes@email.com', '11976789988', '', ''),
	(105, '2025-05-13', '20230049', 'Mel Albuquerque', '2016-04-01', '23456789', 'Paula Albuquerque', 'Mãe', 'paula.albuquerque@email.com', '11978654432', '', ''),
	(106, '2025-05-13', '20230050', 'Bryan Macedo', '2011-02-20', '23456789', 'Mauro Macedo', 'Pai', 'mauro.macedo@email.com', '11996781234', '', ''),
	(107, '2025-06-02', '568952', 'ANA BEATRIZ SIMõES', '2016-01-15', '12375642', 'JULIANA SIMõES', 'MãE', 'ju.simoes@emailteste.com.br', '(19) 98523-6547', '', NULL),
	(108, '2025-06-02', '156283', 'GUILHERME SILVA ', '2016-03-13', '12375642', 'ANTONIO SILVA', 'PAI', 'antnio.silva@textedeemail.com.br', '(19) 98532-4758', '', NULL);

-- Copiando estrutura para tabela sap_tea.atividade
CREATE TABLE IF NOT EXISTS `atividade` (
  `id_atividade` int(11) NOT NULL AUTO_INCREMENT,
  `cod_atividade` varchar(20) NOT NULL,
  `desc_atividade` varchar(200) NOT NULL,
  `fk_idhabilidade` int(11) DEFAULT NULL,
  PRIMARY KEY (`id_atividade`),
  KEY `fk_habilidade_atividade` (`fk_idhabilidade`),
  CONSTRAINT `fk_habilidade_atividade` FOREIGN KEY (`fk_idhabilidade`) REFERENCES `habilidade` (`id_habilidade`)
) ENGINE=InnoDB DEFAULT CHARSET=utf8mb4;

-- Copiando dados para a tabela sap_tea.atividade: ~0 rows (aproximadamente)

-- Copiando estrutura para tabela sap_tea.atividade_comportamento
CREATE TABLE IF NOT EXISTS `atividade_comportamento` (
  `id_ati_comportamento` int(11) NOT NULL AUTO_INCREMENT,
  `cod_ati_comportamento` char(5) COLLATE latin1_general_ci NOT NULL,
  `desc_ati_comportamento` varchar(250) COLLATE latin1_general_ci NOT NULL,
  PRIMARY KEY (`id_ati_comportamento`)
) ENGINE=InnoDB AUTO_INCREMENT=8 DEFAULT CHARSET=latin1 COLLATE=latin1_general_ci;

-- Copiando dados para a tabela sap_tea.atividade_comportamento: ~7 rows (aproximadamente)
INSERT INTO `atividade_comportamento` (`id_ati_comportamento`, `cod_ati_comportamento`, `desc_ati_comportamento`) VALUES
	(1, 'ECP01', 'A ordem é...'),
	(2, 'ECP02', 'Mexe e remexe'),
	(3, 'ECP03', 'Minha rotina'),
	(4, 'ECP04', 'PIQUENIQUE'),
	(5, 'ECP05', 'Positivo e negativo'),
	(6, 'ECP06', 'Rotina de autocuidado'),
	(7, 'NECP1', 'Cortando o Cabelo');

-- Copiando estrutura para tabela sap_tea.atividade_com_lin
CREATE TABLE IF NOT EXISTS `atividade_com_lin` (
  `id_ati_com_lin` int(11) NOT NULL AUTO_INCREMENT,
  `cod_ati_com_lin` varchar(5) COLLATE latin1_general_ci NOT NULL,
  `desc_ati_com_lin` varchar(250) COLLATE latin1_general_ci NOT NULL,
  PRIMARY KEY (`id_ati_com_lin`)
) ENGINE=InnoDB AUTO_INCREMENT=9 DEFAULT CHARSET=latin1 COLLATE=latin1_general_ci;

-- Copiando dados para a tabela sap_tea.atividade_com_lin: ~8 rows (aproximadamente)
INSERT INTO `atividade_com_lin` (`id_ati_com_lin`, `cod_ati_com_lin`, `desc_ati_com_lin`) VALUES
	(1, 'ECM01', '1, 2, 3... acerte uma vez'),
	(2, 'ECM02', 'A mágica da gentileza'),
	(3, 'ECM03', 'Ache e junte'),
	(4, 'ECM04', ' Expressão ilustrada'),
	(5, 'ECM05', 'Minha rede de ajuda'),
	(6, 'ECM06', 'Onde encaixa?'),
	(7, 'ECM07', 'Que animal é esse?'),
	(8, 'ECM08', 'ECM08 - Vivências do cotidiano');

-- Copiando estrutura para tabela sap_tea.atividade_int_soc
CREATE TABLE IF NOT EXISTS `atividade_int_soc` (
  `id_ati_int_soc` int(11) NOT NULL AUTO_INCREMENT,
  `cod_ati_int_soc` char(5) COLLATE latin1_general_ci NOT NULL,
  `desc_ati_int_soc` varchar(250) COLLATE latin1_general_ci NOT NULL,
  PRIMARY KEY (`id_ati_int_soc`)
) ENGINE=InnoDB AUTO_INCREMENT=7 DEFAULT CHARSET=latin1 COLLATE=latin1_general_ci;

-- Copiando dados para a tabela sap_tea.atividade_int_soc: ~6 rows (aproximadamente)
INSERT INTO `atividade_int_soc` (`id_ati_int_soc`, `cod_ati_int_soc`, `desc_ati_int_soc`) VALUES
	(1, 'EIS01', 'Emocionômetro'),
	(2, 'EIS02', 'Eu como sou!'),
	(3, 'EIS03', 'Nomeando as emoções'),
	(4, 'EIS04', ' A professora faltou'),
	(5, 'NEIS2', 'Ano Novo, turma nova'),
	(6, 'NEIS3', 'Hora do intervalo');

-- Copiando estrutura para tabela sap_tea.comunicacao
CREATE TABLE IF NOT EXISTS `comunicacao` (
  `id_comunicacao` int(11) NOT NULL AUTO_INCREMENT,
  `precisa_comunicacao` tinyint(4) DEFAULT NULL,
  `entende_instrucao` tinyint(4) DEFAULT NULL,
  `recomenda_instrucao` varchar(255) DEFAULT NULL,
  `fk_id_aluno` int(11) DEFAULT NULL,
  PRIMARY KEY (`id_comunicacao`),
  KEY `fk_alu_id` (`fk_id_aluno`),
  CONSTRAINT `comunicacao_ibfk_1` FOREIGN KEY (`fk_id_aluno`) REFERENCES `aluno` (`alu_id`)
) ENGINE=InnoDB AUTO_INCREMENT=45 DEFAULT CHARSET=utf8mb4;

-- Copiando dados para a tabela sap_tea.comunicacao: ~22 rows (aproximadamente)
INSERT INTO `comunicacao` (`id_comunicacao`, `precisa_comunicacao`, `entende_instrucao`, `recomenda_instrucao`, `fk_id_aluno`) VALUES
	(1, 1, 1, NULL, 52),
	(2, 1, 1, NULL, 45),
	(3, 1, 1, 'Caso não, como você recomenda dar instruções?', 6),
	(4, 1, 1, NULL, 6),
	(5, 1, 1, NULL, 6),
	(6, 1, 1, NULL, 6),
	(7, 1, 1, NULL, 6),
	(8, 1, 1, NULL, 6),
	(9, 1, 1, NULL, 6),
	(10, 1, 1, NULL, 6),
	(11, 1, 1, 'Caso não, como você recomenda dar instruções?', 25),
	(12, 1, 1, NULL, 22),
	(13, 1, 1, 'aaaaaaaaaaaaaaaaaaaa', 3),
	(14, 1, 1, 'aaaaaaaaaaaaaaaaaaaaaaaaaaaaaaaaaaa', 14),
	(15, 1, 1, '1111111111111111111111111111111111111', 15),
	(16, 1, 1, NULL, 10),
	(17, 1, 1, NULL, 10),
	(18, 1, 1, NULL, 10),
	(19, 1, 1, NULL, 24),
	(20, 1, 1, NULL, 24),
	(21, 1, 1, NULL, 21),
	(22, 1, 1, NULL, 13),
	(23, 1, 1, NULL, 27),
	(24, 1, 1, NULL, 19),
	(25, 1, 1, NULL, 8),
	(26, 1, 1, NULL, 11),
	(27, 1, 1, NULL, 7),
	(28, 1, 1, NULL, 2),
	(29, 1, 1, 'Caso não, como você recomenda dar instruções?', 4),
	(30, 1, 1, 'Caso não, como você recomenda dar instruções?', 11),
	(31, 1, 1, NULL, 6),
	(32, 0, 0, 'Teste xxxxxxxxxxxxxxxxxxxx', 25),
	(33, 0, 0, 'Teste 2 xxxxxxxxxxxxxxxx', 22),
	(34, 1, 1, 'xxxxxxxxxxxxxxxx', 73),
	(35, 1, 1, NULL, 73),
	(36, 1, 1, NULL, 107),
	(37, 1, 1, 'CXCXCXCXC', 73),
	(38, 1, 1, 'CXCXCXCXC', 73),
	(39, 1, 1, 'fdfdff', 6),
	(40, 1, 1, 'Caso não, como você recomenda dar instruções?', 25),
	(41, 1, 1, 'Caso não, como você recomenda dar instruções?', 22),
	(42, 1, 1, 'mmmmmmmmmmmmmmmmmmmmmmmmmmmmmmm', 3),
	(43, 1, 1, NULL, 14),
	(44, 1, 1, 'SPFSFMISF', 15);

-- Copiando estrutura para tabela sap_tea.eixo_comportamento
CREATE TABLE IF NOT EXISTS `eixo_comportamento` (
  `id_eixo_comport` int(11) NOT NULL AUTO_INCREMENT,
  `ecp01` tinyint(1) DEFAULT NULL,
  `ecp02` tinyint(1) DEFAULT NULL,
  `ecp03` tinyint(1) DEFAULT NULL,
  `ecp04` tinyint(1) DEFAULT NULL,
  `ecp05` tinyint(1) DEFAULT NULL,
  `ecp06` tinyint(1) DEFAULT NULL,
  `ecp07` tinyint(1) DEFAULT NULL,
  `ecp08` tinyint(1) DEFAULT NULL,
  `ecp09` tinyint(1) DEFAULT NULL,
  `ecp10` tinyint(1) DEFAULT NULL,
  `ecp11` tinyint(1) DEFAULT NULL,
  `ecp12` tinyint(1) DEFAULT NULL,
  `ecp13` tinyint(1) DEFAULT NULL,
  `ecp14` tinyint(1) DEFAULT NULL,
  `ecp15` tinyint(1) DEFAULT NULL,
  `ecp16` tinyint(1) DEFAULT NULL,
  `ecp17` tinyint(1) DEFAULT NULL,
  `fk_alu_id_ecomp` int(11) DEFAULT NULL,
  `data_insert_comportamento` date DEFAULT NULL,
  `fase_inv_comportamento` char(2) COLLATE latin1_general_ci DEFAULT NULL,
  PRIMARY KEY (`id_eixo_comport`),
  KEY `fk_alu_id_ecomp` (`fk_alu_id_ecomp`),
  CONSTRAINT `eixo_comportamento_ibfk_1` FOREIGN KEY (`fk_alu_id_ecomp`) REFERENCES `aluno` (`alu_id`)
) ENGINE=InnoDB AUTO_INCREMENT=20 DEFAULT CHARSET=latin1 COLLATE=latin1_general_ci;

-- Copiando dados para a tabela sap_tea.eixo_comportamento: ~3 rows (aproximadamente)
INSERT INTO `eixo_comportamento` (`id_eixo_comport`, `ecp01`, `ecp02`, `ecp03`, `ecp04`, `ecp05`, `ecp06`, `ecp07`, `ecp08`, `ecp09`, `ecp10`, `ecp11`, `ecp12`, `ecp13`, `ecp14`, `ecp15`, `ecp16`, `ecp17`, `fk_alu_id_ecomp`, `data_insert_comportamento`, `fase_inv_comportamento`) VALUES
	(1, 1, 1, 1, 1, 1, 1, 1, 1, 1, 0, 0, 1, 1, 0, 1, 1, 1, 6, '2025-05-22', 'In'),
	(2, 1, 1, 1, 1, 1, 1, 1, 1, 1, 1, 1, 1, 1, 1, 1, 1, 1, 25, '2025-05-22', 'In'),
	(3, 0, 0, 0, 0, 0, 0, 0, 0, 0, 0, 0, 0, 0, 0, 0, 0, 0, 22, '2025-05-22', 'In'),
	(4, 1, 0, 1, 0, 1, 0, 1, 0, 1, 0, 1, 0, 1, 0, 1, 0, 1, 3, '2025-05-22', 'In'),
	(5, 1, 0, 0, 1, 1, 1, 0, 0, 1, 0, 1, 0, 0, 0, 0, 1, 1, 14, '2025-05-22', 'In'),
	(6, 1, 1, 0, 0, 1, 1, 1, 1, 1, 1, 0, 1, 1, 1, 1, 1, 1, 15, '2025-05-26', 'In'),
	(7, 1, 0, 0, 1, 1, 0, 1, 1, 0, 0, 0, 0, 1, 0, 0, 1, 1, 10, '2025-06-02', 'In'),
	(8, 1, 1, 0, 1, 1, 1, 1, 1, 0, 0, 0, 1, 1, 0, 1, 1, 1, 24, '2025-06-02', 'In'),
	(9, 1, 1, 1, 1, 0, 0, 1, 1, 1, 1, 1, 0, 1, 1, 1, 1, 1, 11, '2025-06-03', 'In'),
	(10, 0, 0, 0, 1, 1, 1, 1, 1, 1, 1, 1, 1, 1, 1, 1, 0, 0, 21, '2025-06-05', 'In'),
	(11, 1, 1, 1, 1, 1, 1, 1, 1, 1, 1, 0, 0, 1, 1, 0, 0, 0, 13, '2025-06-05', 'In'),
	(12, 1, 1, 1, 1, 1, 1, 1, 1, 1, 1, 0, 0, 1, 1, 0, 0, 0, 13, '2025-06-05', 'In'),
	(13, 1, 1, 1, 1, 1, 1, 1, 1, 1, 1, 0, 0, 1, 1, 0, 0, 0, 13, '2025-06-05', 'In'),
	(14, 0, 1, 1, 1, 1, 1, 1, 1, 1, 0, 1, 1, 1, 1, 1, 1, 1, 13, '2025-06-05', 'In'),
	(15, 1, 1, 1, 0, 0, 1, 1, 0, 1, 1, 1, 1, 1, 0, 1, 1, 1, 27, '2025-06-05', 'In'),
	(16, 1, 1, 1, 1, 1, 1, 1, 0, 1, 1, 1, 1, 0, 1, 1, 0, 0, 19, '2025-06-05', 'In'),
	(17, 0, 1, 1, 1, 0, 1, 1, 1, 1, 1, 1, 1, 1, 0, 1, 1, 1, 27, '2025-06-05', 'In'),
	(18, 0, 0, 1, 1, 1, 1, 1, 1, 1, 0, 1, 1, 1, 1, 0, 1, 1, 19, '2025-06-05', 'In'),
	(19, 1, 0, 1, 1, 1, 1, 1, 0, 1, 1, 1, 1, 1, 1, 1, 0, NULL, 52, '2025-06-07', 'In');

-- Copiando estrutura para tabela sap_tea.eixo_com_lin
CREATE TABLE IF NOT EXISTS `eixo_com_lin` (
  `id_eixo_com_lin` int(11) NOT NULL AUTO_INCREMENT,
  `ecm01` tinyint(1) DEFAULT NULL,
  `ecm02` tinyint(1) DEFAULT NULL,
  `ecm03` tinyint(1) DEFAULT NULL,
  `ecm04` tinyint(1) DEFAULT NULL,
  `ecm05` tinyint(1) DEFAULT NULL,
  `ecm06` tinyint(1) DEFAULT NULL,
  `ecm07` tinyint(1) DEFAULT NULL,
  `ecm08` tinyint(1) DEFAULT NULL,
  `ecm09` tinyint(1) DEFAULT NULL,
  `ecm10` tinyint(1) DEFAULT NULL,
  `ecm11` tinyint(1) DEFAULT NULL,
  `ecm12` tinyint(1) DEFAULT NULL,
  `ecm13` tinyint(1) DEFAULT NULL,
  `ecm14` tinyint(1) DEFAULT NULL,
  `ecm15` tinyint(1) DEFAULT NULL,
  `ecm16` tinyint(1) DEFAULT NULL,
  `ecm17` tinyint(1) DEFAULT NULL,
  `ecm18` tinyint(1) DEFAULT NULL,
  `ecm19` tinyint(1) DEFAULT NULL,
  `ecm20` tinyint(1) DEFAULT NULL,
  `ecm21` tinyint(1) DEFAULT NULL,
  `ecm22` tinyint(1) DEFAULT NULL,
  `ecm23` tinyint(1) DEFAULT NULL,
  `ecm24` tinyint(1) DEFAULT NULL,
  `ecm25` tinyint(1) DEFAULT NULL,
  `ecm26` tinyint(1) DEFAULT NULL,
  `ecm27` tinyint(1) DEFAULT NULL,
  `ecm28` tinyint(1) DEFAULT NULL,
  `ecm29` tinyint(1) DEFAULT NULL,
  `ecm30` tinyint(1) DEFAULT NULL,
  `ecm31` tinyint(1) DEFAULT NULL,
  `ecm32` tinyint(1) DEFAULT NULL,
  `fk_alu_id_ecomling` int(11) DEFAULT NULL,
  `data_insert_com_lin` date DEFAULT NULL,
  `fase_inv_com_lin` char(2) COLLATE latin1_general_ci DEFAULT NULL,
  PRIMARY KEY (`id_eixo_com_lin`),
  KEY `fk_alu_id_ecomling` (`fk_alu_id_ecomling`),
  CONSTRAINT `eixo_com_lin_ibfk_1` FOREIGN KEY (`fk_alu_id_ecomling`) REFERENCES `aluno` (`alu_id`)
) ENGINE=InnoDB AUTO_INCREMENT=24 DEFAULT CHARSET=latin1 COLLATE=latin1_general_ci;

-- Copiando dados para a tabela sap_tea.eixo_com_lin: ~7 rows (aproximadamente)
INSERT INTO `eixo_com_lin` (`id_eixo_com_lin`, `ecm01`, `ecm02`, `ecm03`, `ecm04`, `ecm05`, `ecm06`, `ecm07`, `ecm08`, `ecm09`, `ecm10`, `ecm11`, `ecm12`, `ecm13`, `ecm14`, `ecm15`, `ecm16`, `ecm17`, `ecm18`, `ecm19`, `ecm20`, `ecm21`, `ecm22`, `ecm23`, `ecm24`, `ecm25`, `ecm26`, `ecm27`, `ecm28`, `ecm29`, `ecm30`, `ecm31`, `ecm32`, `fk_alu_id_ecomling`, `data_insert_com_lin`, `fase_inv_com_lin`) VALUES
	(1, 0, 0, 0, 0, 0, 0, 0, 0, 0, 0, 0, 0, 0, 0, 0, 0, 0, 0, 0, 0, 0, 0, 0, 0, 0, 0, 0, 0, 0, 0, 0, 0, 6, '2025-05-21', 'In'),
	(2, 1, 0, 1, 0, 1, 0, 1, 0, 1, 0, 1, 0, 1, 0, 1, 0, 1, 0, 1, 0, 1, 0, 1, 0, 1, 0, 1, 0, 1, 0, 1, 0, 25, '2025-05-21', 'In'),
	(3, 1, 1, 0, 0, 0, 0, 1, 1, 0, 1, 0, 1, 1, 1, 0, 1, 0, 1, 0, 1, 1, 1, 0, 1, 1, 1, 0, 1, 0, 1, 0, 1, 22, '2025-05-21', 'In'),
	(4, 0, 1, 1, 1, 1, 1, 0, 1, 1, 1, 1, 0, 1, 1, 1, 1, 1, 1, 1, 1, 1, 1, 1, 1, 1, 1, 1, 1, 1, 1, 1, 0, 3, '2025-05-21', 'In'),
	(5, 1, 1, 1, 0, 0, 1, 0, 0, 0, 1, 1, 1, 1, 1, 1, 1, 1, 1, 0, 1, 1, 1, 1, 1, 1, 0, 1, 1, 1, 1, 1, 1, 6, '2025-05-22', 'In'),
	(6, 1, 1, 1, 1, 1, 1, 1, 1, 1, 1, 1, 1, 1, 1, 1, 1, 1, 1, 1, 1, 1, 1, 1, 1, 1, 1, 1, 1, 1, 1, 1, 1, 25, '2025-05-22', 'In'),
	(7, 0, 0, 0, 0, 0, 0, 0, 0, 0, 0, 0, 0, 0, 0, 0, 0, 0, 0, 0, 0, 0, 0, 0, 0, 0, 0, 0, 0, 0, 0, 0, 0, 22, '2025-05-22', 'In'),
	(8, 1, 0, 1, 0, 1, 0, 1, 0, 1, 0, 1, 0, 1, 0, 1, 0, 1, 0, 1, 0, 1, 0, 1, 0, 1, 0, 1, 0, 1, 0, 1, 0, 3, '2025-05-22', 'In'),
	(9, 1, 0, 1, 1, 1, 1, 1, 0, 0, 1, 1, 1, 0, 1, 0, 1, 1, 1, 1, 0, 0, 0, 1, 1, 0, 0, 0, 1, 1, 0, 1, 1, 14, '2025-05-22', 'In'),
	(10, 1, 1, 1, 1, 1, 1, 1, 1, 1, 1, 1, 1, 1, 0, 0, 1, 1, 1, 1, 1, 1, 1, 1, 1, 1, 1, 1, 1, 1, 1, 1, 1, 15, '2025-05-26', 'In'),
	(11, 0, 0, 0, 1, 1, 1, 0, 0, 1, 0, 0, 0, 1, 1, 0, 0, 0, 0, 0, 0, 0, 1, 0, 1, 0, 0, 0, 0, 1, 0, 0, 0, 10, '2025-06-02', 'In'),
	(12, 1, 1, 0, 1, 1, 1, 1, 1, 1, 0, 0, 0, 0, 0, 0, 0, 0, 1, 1, 1, 0, 1, 1, 1, 0, 0, 1, 1, 0, 1, 1, 0, 24, '2025-06-02', 'In'),
	(13, 0, 0, 1, 1, 1, 1, 0, 1, 1, 1, 1, 1, 1, 1, 1, 1, 1, 1, 1, 1, 0, 1, 1, 1, 0, 1, 1, 1, 0, 1, 1, 1, 11, '2025-06-03', 'In'),
	(14, 1, 0, 1, 1, 1, 1, 1, 1, 1, 1, 0, 0, 1, 1, 1, 1, 1, 1, 1, 1, 0, 0, 1, 1, 1, 1, 1, 0, 1, 1, 1, 1, 21, '2025-06-05', 'In'),
	(15, 0, 0, 0, 0, 0, 0, 0, 0, 0, 0, 0, 0, 0, 0, 0, 1, 1, 1, 1, 0, 1, 0, 1, 1, 1, 0, 1, 1, 1, 1, 1, 1, 13, '2025-06-05', 'In'),
	(16, 0, 0, 0, 0, 0, 0, 0, 0, 0, 0, 0, 0, 0, 0, 0, 1, 1, 1, 1, 0, 1, 0, 1, 1, 1, 0, 1, 1, 1, 1, 1, 1, 13, '2025-06-05', 'In'),
	(17, 0, 0, 0, 0, 0, 0, 0, 0, 0, 0, 0, 0, 0, 0, 0, 1, 1, 1, 1, 0, 1, 0, 1, 1, 1, 0, 1, 1, 1, 1, 1, 1, 13, '2025-06-05', 'In'),
	(18, 1, 0, 1, 1, 1, 1, 0, 0, 1, 1, 1, 1, 1, 1, 1, 1, 1, 0, 0, 0, 0, 1, 1, 1, 1, 1, 1, 1, 1, 1, 1, 1, 13, '2025-06-05', 'In'),
	(19, 1, 1, 1, 1, 0, 1, 1, 1, 1, 1, 1, 1, 1, 1, 0, 0, 1, 1, 0, 0, 1, 1, 1, 1, 1, 1, 1, 1, 1, 1, 1, 0, 27, '2025-06-05', 'In'),
	(20, 1, 1, 1, 1, 0, 0, 0, 1, 1, 1, 1, 1, 0, 0, 1, 1, 1, 1, 1, 1, 1, 1, 1, 1, 1, 1, 1, 0, 0, 1, 1, 1, 19, '2025-06-05', 'In'),
	(21, 0, 0, 0, 0, 1, 1, 1, 1, 1, 1, 1, 1, 1, 0, 0, 1, 1, 1, 0, 0, 1, 1, 0, 1, 1, 1, 1, 1, 1, 1, 1, 1, 27, '2025-06-05', 'In'),
	(22, 1, 1, 1, 1, 1, 0, 0, 1, 1, 0, 0, 0, 1, 1, 1, 1, 1, 0, 1, 1, 1, 1, 1, 1, 1, 1, 1, 1, 0, 1, 1, 1, 19, '2025-06-05', 'In'),
	(23, 0, 0, 1, 1, 1, 1, 1, 0, 1, 1, 1, 1, 1, 0, 1, 1, 0, 1, NULL, NULL, NULL, NULL, NULL, NULL, NULL, NULL, NULL, NULL, NULL, NULL, NULL, NULL, 52, '2025-06-07', 'In');

-- Copiando estrutura para tabela sap_tea.eixo_int_socio
CREATE TABLE IF NOT EXISTS `eixo_int_socio` (
  `id_eixo_int_socio` int(11) NOT NULL AUTO_INCREMENT,
  `eis01` tinyint(1) DEFAULT NULL,
  `eis02` tinyint(1) DEFAULT NULL,
  `eis03` tinyint(1) DEFAULT NULL,
  `eis04` tinyint(1) DEFAULT NULL,
  `eis05` tinyint(1) DEFAULT NULL,
  `eis06` tinyint(1) DEFAULT NULL,
  `eis07` tinyint(1) DEFAULT NULL,
  `eis08` tinyint(1) DEFAULT NULL,
  `eis09` tinyint(1) DEFAULT NULL,
  `eis10` tinyint(1) DEFAULT NULL,
  `eis11` tinyint(1) DEFAULT NULL,
  `eis12` tinyint(1) DEFAULT NULL,
  `eis13` tinyint(1) DEFAULT NULL,
  `eis14` tinyint(1) DEFAULT NULL,
  `eis15` tinyint(1) DEFAULT NULL,
  `eis16` tinyint(1) DEFAULT NULL,
  `eis17` tinyint(1) DEFAULT NULL,
  `eis18` tinyint(1) DEFAULT NULL,
  `fk_alu_id_eintsoc` int(11) DEFAULT NULL,
  `data_insert_int_socio` date DEFAULT NULL,
  `fase_inv_int_socio` char(2) COLLATE latin1_general_ci DEFAULT NULL,
  PRIMARY KEY (`id_eixo_int_socio`),
  KEY `fk_alu_id_eintsoc` (`fk_alu_id_eintsoc`),
  CONSTRAINT `eixo_int_socio_ibfk_1` FOREIGN KEY (`fk_alu_id_eintsoc`) REFERENCES `aluno` (`alu_id`)
) ENGINE=InnoDB AUTO_INCREMENT=20 DEFAULT CHARSET=latin1 COLLATE=latin1_general_ci COMMENT='SELECT COLUMN_NAME \r\nFROM INFORMATION_SCHEMA.COLUMNS \r\nWHERE TABLE_SCHEMA = ''sap_tea'' \r\n  AND TABLE_NAME = ''eixo_int_socio'';\r\n\r\nshow columns from eixo_int_socio\r\n\r\n\r\nSHOW CREATE TABLE eixo_int_socio  INTO OUTFILE  ''/Users/Marcos/Documents/estrutuo_eixo_int_scio.txt'';\r\neis15';

-- Copiando dados para a tabela sap_tea.eixo_int_socio: ~3 rows (aproximadamente)
INSERT INTO `eixo_int_socio` (`id_eixo_int_socio`, `eis01`, `eis02`, `eis03`, `eis04`, `eis05`, `eis06`, `eis07`, `eis08`, `eis09`, `eis10`, `eis11`, `eis12`, `eis13`, `eis14`, `eis15`, `eis16`, `eis17`, `eis18`, `fk_alu_id_eintsoc`, `data_insert_int_socio`, `fase_inv_int_socio`) VALUES
	(1, 1, 1, 1, 1, 1, 1, 0, 1, 0, 1, 1, 1, 1, 1, 1, 1, 1, 0, 6, '2025-05-22', 'In'),
	(2, 1, 1, 1, 1, 1, 1, 1, 1, 1, 1, 1, 1, 1, 1, 1, 1, 1, 1, 25, '2025-05-22', 'In'),
	(3, 0, 0, 0, 0, 0, 0, 0, 0, 0, 0, 0, 0, 0, 0, 0, 0, 0, 0, 22, '2025-05-22', 'In'),
	(4, 0, 1, 0, 1, 0, 1, 0, 1, 0, 1, 0, 1, 0, 1, 0, 1, 0, 1, 3, '2025-05-22', 'In'),
	(5, 0, 1, 1, 0, 1, 1, 1, 0, 0, 0, 1, 0, 0, 0, 1, 1, 0, 0, 14, '2025-05-22', 'In'),
	(6, 0, 1, 1, 0, 1, 1, 1, 1, 1, 1, 1, 1, 1, 1, 1, 1, 1, 1, 15, '2025-05-26', 'In'),
	(7, 0, 0, 0, 0, 0, 1, 1, 0, 1, 0, 1, 0, 0, 1, 0, 0, 0, 1, 10, '2025-06-02', 'In'),
	(8, 1, 1, 0, 1, 0, 1, 0, 0, 1, 1, 1, 0, 0, 1, 1, 1, 1, 1, 24, '2025-06-02', 'In'),
	(9, 0, 1, 1, 1, 1, 1, 1, 1, 1, 1, 1, 0, 0, 1, 1, 1, 1, 1, 11, '2025-06-03', 'In'),
	(10, 0, 1, 1, 1, 1, 1, 1, 0, 0, 1, 1, 1, 1, 1, 1, 1, 0, 0, 21, '2025-06-05', 'In'),
	(11, 0, 0, 1, 1, 0, 0, 1, 1, 0, 0, 1, 1, 0, 0, 1, 1, 0, 1, 13, '2025-06-05', 'In'),
	(12, 0, 0, 1, 1, 0, 0, 1, 1, 0, 0, 1, 1, 0, 0, 1, 1, 0, 1, 13, '2025-06-05', 'In'),
	(13, 0, 0, 1, 1, 0, 0, 1, 1, 0, 0, 1, 1, 0, 0, 1, 1, 0, 1, 13, '2025-06-05', 'In'),
	(14, 0, 1, 1, 1, 1, 1, 1, 1, 1, 0, 1, 1, 1, 1, 1, 1, 1, 1, 13, '2025-06-05', 'In'),
	(15, 1, 1, 1, 1, 1, 1, 1, 0, 0, 0, 1, 1, 1, 1, 1, 1, 1, 1, 27, '2025-06-05', 'In'),
	(16, 1, 1, 1, 1, 1, 1, 1, 0, 1, 0, 1, 1, 1, 1, 1, 1, 0, 1, 19, '2025-06-05', 'In'),
	(17, 1, 1, 1, 1, 1, 1, 1, 0, 1, 1, 1, 1, 1, 0, 1, 1, 0, 1, 27, '2025-06-05', 'In'),
	(18, 0, 0, 1, 1, 1, 1, 1, 1, 0, 0, 1, 1, 1, 1, 1, 1, 1, 1, 19, '2025-06-05', 'In'),
	(19, 0, 1, 1, 1, 0, 1, 1, 1, 0, 1, 1, 1, 1, 1, 1, 0, 1, 1, 52, '2025-06-07', 'In');

-- Copiando estrutura para tabela sap_tea.enturmacao
CREATE TABLE IF NOT EXISTS `enturmacao` (
  `id_enturmacao` int(11) NOT NULL AUTO_INCREMENT,
  `fk_id_escola` varchar(15) CHARACTER SET utf8mb4 COLLATE utf8mb4_unicode_ci DEFAULT NULL,
  `fk_id_modalidade` int(11) DEFAULT NULL,
  `fk_inep` varchar(20) CHARACTER SET utf8mb4 COLLATE utf8mb4_unicode_ci DEFAULT NULL,
  PRIMARY KEY (`id_enturmacao`)
) ENGINE=InnoDB AUTO_INCREMENT=30 DEFAULT CHARSET=utf8mb4;

-- Copiando dados para a tabela sap_tea.enturmacao: ~23 rows (aproximadamente)
INSERT INTO `enturmacao` (`id_enturmacao`, `fk_id_escola`, `fk_id_modalidade`, `fk_inep`) VALUES
	(5, '11', 63, '15874269'),
	(6, '11', 64, '15874269'),
	(7, '11', 65, '15874269'),
	(8, '11', 66, '15874269'),
	(9, '11', 57, '15874269'),
	(10, '11', 58, '15874269'),
	(11, '11', 59, '15874269'),
	(12, '11', 60, '15874269'),
	(13, '11', 61, '15874269'),
	(14, '11', 62, '15874269'),
	(15, '11', 67, '15874269'),
	(16, '3', 8, '23456789'),
	(17, '8', 35, '78901234'),
	(18, '8', 36, '78901234'),
	(19, '8', 34, '78901234'),
	(22, '8', 39, '78901234'),
	(23, '8', 40, '78901234'),
	(24, '8', 41, '78901234'),
	(25, '8', 42, '78901234'),
	(26, '8', 43, '78901234'),
	(27, '1', 1, '12375642'),
	(28, '8', 37, '78901234'),
	(29, '8', 38, '78901234');

-- Copiando estrutura para tabela sap_tea.enturmacao_professor
CREATE TABLE IF NOT EXISTS `enturmacao_professor` (
  `id_entur_professor` int(11) NOT NULL AUTO_INCREMENT,
  `fk_id_func` int(11) DEFAULT NULL,
  `fk_id_enturmacao` int(11) DEFAULT NULL,
  PRIMARY KEY (`id_entur_professor`)
) ENGINE=InnoDB DEFAULT CHARSET=utf8mb4 COLLATE=utf8mb4_unicode_ci;

-- Copiando dados para a tabela sap_tea.enturmacao_professor: ~0 rows (aproximadamente)

-- Copiando estrutura para tabela sap_tea.escola
CREATE TABLE IF NOT EXISTS `escola` (
  `esc_id` int(11) NOT NULL AUTO_INCREMENT,
  `esc_dtcad` date DEFAULT NULL,
  `esc_inep` varchar(15) COLLATE utf8mb4_unicode_ci DEFAULT NULL,
  `esc_cnpj` varchar(25) COLLATE utf8mb4_unicode_ci DEFAULT NULL,
  `esc_razao_social` varchar(255) COLLATE utf8mb4_unicode_ci DEFAULT NULL,
  `esc_endereco` varchar(250) COLLATE utf8mb4_unicode_ci DEFAULT NULL,
  `esc_bairro` varchar(100) COLLATE utf8mb4_unicode_ci DEFAULT NULL,
  `esc_municipio` varchar(100) COLLATE utf8mb4_unicode_ci DEFAULT NULL,
  `esc_cep` varchar(15) COLLATE utf8mb4_unicode_ci DEFAULT NULL,
  `esc_uf` varchar(2) COLLATE utf8mb4_unicode_ci DEFAULT NULL,
  `esc_telefone` varchar(20) COLLATE utf8mb4_unicode_ci DEFAULT NULL,
  `esc_email` varchar(150) COLLATE utf8mb4_unicode_ci DEFAULT NULL,
  `fk_org_esc_id` int(11) DEFAULT NULL,
  PRIMARY KEY (`esc_id`)
) ENGINE=InnoDB AUTO_INCREMENT=12 DEFAULT CHARSET=utf8mb4 COLLATE=utf8mb4_unicode_ci;

-- Copiando dados para a tabela sap_tea.escola: ~4 rows (aproximadamente)
INSERT INTO `escola` (`esc_id`, `esc_dtcad`, `esc_inep`, `esc_cnpj`, `esc_razao_social`, `esc_endereco`, `esc_bairro`, `esc_municipio`, `esc_cep`, `esc_uf`, `esc_telefone`, `esc_email`, `fk_org_esc_id`) VALUES
	(1, '2025-04-29', '12375642', '10.424.655/0001-40', 'Foccus Editora e Serviços', 'Rua Norivaldo Martins da Silva', 'Retiro', 'Jundiaí', '13211-241', 'SP', '(11) 2449-1962', 'suporte@foccuseditora.com.br', 3),
	(3, '2025-04-29', '23456789', '23.456.789/0001-80', 'Escola Integração Moderna', 'Avenida Brasil, 1020', 'Centro', 'Curitiba', '80010-000', 'PR', '(41) 3234-5678', 'secretaria@integracaomoderna.com.br', 5),
	(8, '2025-04-29', '78901234', '78.901.234/0001-30', 'Escola Nova Visão', 'Rua da Paz, 350', 'Jardim América', 'Goiânia', '74080-010', 'GO', '(62) 3212-3456', 'contato@novavisao.com.br', 1),
	(11, '2025-05-13', '15874269', '12645698000195', 'Colégio Horizonte do Saber', 'Rua das Acácias, 345', 'Jardim Primavera', 'Campinas', '13050310', 'SP', '1933459876', 'contato@horizontedosaber.com.br', 3);

-- Copiando estrutura para tabela sap_tea.failed_jobs
CREATE TABLE IF NOT EXISTS `failed_jobs` (
  `id` bigint(20) unsigned NOT NULL AUTO_INCREMENT,
  `connection` text COLLATE utf8mb4_unicode_ci NOT NULL,
  `queue` text COLLATE utf8mb4_unicode_ci NOT NULL,
  `payload` longtext COLLATE utf8mb4_unicode_ci NOT NULL,
  `exception` longtext COLLATE utf8mb4_unicode_ci NOT NULL,
  `failed_at` timestamp NOT NULL DEFAULT CURRENT_TIMESTAMP,
  PRIMARY KEY (`id`)
) ENGINE=InnoDB DEFAULT CHARSET=utf8mb4 COLLATE=utf8mb4_unicode_ci;

-- Copiando dados para a tabela sap_tea.failed_jobs: ~0 rows (aproximadamente)

-- Copiando estrutura para tabela sap_tea.funcionario
CREATE TABLE IF NOT EXISTS `funcionario` (
  `func_id` bigint(20) unsigned NOT NULL AUTO_INCREMENT,
  `func_data_cad` date NOT NULL,
  `inep` varchar(20) COLLATE utf8mb4_unicode_ci DEFAULT NULL,
  `func_nome` varchar(255) COLLATE utf8mb4_unicode_ci DEFAULT NULL,
  `func_cpf` varchar(14) COLLATE utf8mb4_unicode_ci NOT NULL,
  `email_func` varchar(100) COLLATE utf8mb4_unicode_ci NOT NULL,
  `password` varchar(255) COLLATE utf8mb4_unicode_ci NOT NULL,
  `precisa_trocar_senha` tinyint(1) NOT NULL DEFAULT '1',
  `func_cod_funcao` bigint(20) unsigned NOT NULL,
  `remember_token` varchar(100) COLLATE utf8mb4_unicode_ci DEFAULT NULL,
  `email_verified_at` timestamp NULL DEFAULT NULL,
  `created_at` timestamp NULL DEFAULT NULL,
  `updated_at` timestamp NULL DEFAULT NULL,
  PRIMARY KEY (`func_id`),
  UNIQUE KEY `funcionario_func_cpf_unique` (`func_cpf`),
  UNIQUE KEY `funcionario_email_func_unique` (`email_func`),
  KEY `funcionario_func_cod_funcao_foreign` (`func_cod_funcao`),
  CONSTRAINT `funcionario_func_cod_funcao_foreign` FOREIGN KEY (`func_cod_funcao`) REFERENCES `tipo_funcao` (`tipo_funcao_id`)
) ENGINE=InnoDB AUTO_INCREMENT=87 DEFAULT CHARSET=utf8mb4 COLLATE=utf8mb4_unicode_ci;

-- Copiando dados para a tabela sap_tea.funcionario: ~77 rows (aproximadamente)
INSERT INTO `funcionario` (`func_id`, `func_data_cad`, `inep`, `func_nome`, `func_cpf`, `email_func`, `password`, `precisa_trocar_senha`, `func_cod_funcao`, `remember_token`, `email_verified_at`, `created_at`, `updated_at`) VALUES
	(1, '2025-05-09', '12375642', 'Barcos Barroso', '68555270430', 'marcosbarrosobia@gmail.com', '$2y$10$h6GpiLB01.sJTtlLgax4tOYAJGx2SwwTzhOzjkvBGkwC2O.efET6K', 0, 7, 'LFUFGjXA5mrJerdjgUjvUHPb6PHl9trnCCTIVhAYNYs9WVZi1q0uSf3mtdi3', '0000-00-00 00:00:00', '2025-05-09 18:55:24', '2025-05-17 04:01:49'),
	(2, '2025-05-09', '12345678', 'Bruno Henrique da Silva', '23456789012', 'bruno.henrique@empresa.com', '$2y$10$vBcWk2gUL9cgdq7sSVBYBOFv1pgdVdr13dtl465X.nWtWYxFtpTaW', 0, 13, NULL, '0000-00-00 00:00:00', '2025-05-09 18:55:24', '2025-05-17 04:04:12'),
	(3, '2025-05-09', '23456789', 'Carla Souza Martins', '34567890123', 'carla.martins@empresa.com', '34567890123', 1, 5, NULL, '0000-00-00 00:00:00', '2025-05-09 18:55:24', NULL),
	(4, '2025-05-09', '34567890', 'Daniel Oliveira Santos', '45678901234', 'daniel.santos@empresa.com', '45678901234', 1, 11, NULL, '0000-00-00 00:00:00', '2025-05-09 18:55:24', NULL),
	(5, '2025-05-09', '4567890', 'Eliane Castro Ramos', '56789012345', 'eliane.ramos@empresa.com', '56789012345', 1, 2, NULL, '0000-00-00 00:00:00', '2025-05-09 18:55:24', NULL),
	(6, '2025-05-09', '56789012', 'Felipe Gomes Andrade', '67890123456', 'felipe.andrade@empresa.com', '67890123456', 1, 2, NULL, '0000-00-00 00:00:00', '2025-05-09 18:55:24', NULL),
	(7, '2025-05-09', '67890123', 'Gabriela Lima Torres', '78901234567', 'gabriela.torres@empresa.com', '78901234567', 1, 13, NULL, '0000-00-00 00:00:00', '2025-05-09 18:55:24', NULL),
	(8, '2025-05-09', '78901234', 'Henrique Alves Batista', '02338032462', 'edpedro123456@gmail.com', '$2y$10$QGimzxrPsEK8kjPKIC2T4OU/ctHfqjVaJjHPGQAIfzNDTQA5EozlO', 0, 13, 'fCOwyjDV7S3ywEX1gbyDlNSCmrajj7t6ADzEo5mosqjLTPwZnojTuNzGL0rk', '0000-00-00 00:00:00', '2025-05-09 18:55:24', '2025-06-07 13:57:35'),
	(9, '2025-05-09', '89012345', 'Isabela Ferreira Costa', '90123456789', 'isabela.costa@empresa.com', '90123456789', 1, 5, NULL, '0000-00-00 00:00:00', '2025-05-09 18:55:24', NULL),
	(10, '2025-05-09', '90123456', 'João Pedro Nascimento', '01234567890', 'joao.nascimento@empresa.com', '01234567890', 1, 11, NULL, '0000-00-00 00:00:00', '2025-05-09 18:55:24', NULL),
	(11, '2025-05-09', '12375642', 'Karla Regina Mendes', '32165498700', 'karla.mendes@empresa.com', '32165498700', 1, 5, NULL, '0000-00-00 00:00:00', '2025-05-09 18:55:25', NULL),
	(12, '2025-05-09', '12345678', 'Lucas Eduardo Barros', '43276509811', 'lucas.barros@empresa.com', '43276509811', 1, 13, NULL, '0000-00-00 00:00:00', '2025-05-09 18:55:25', NULL),
	(13, '2025-05-09', '23456789', 'Mariana Rocha Figueiredo', '54387610922', 'mariana.figueiredo@empresa.com', '54387610922', 1, 13, NULL, '0000-00-00 00:00:00', '2025-05-09 18:55:25', NULL),
	(14, '2025-05-09', '34567890', 'Nelson Cardoso Teixeira', '65498721033', 'nelson.teixeira@empresa.com', '65498721033', 1, 13, NULL, '0000-00-00 00:00:00', '2025-05-09 18:55:25', NULL),
	(15, '2025-05-09', '45678901', 'Priscila Andrade Luz', '76509832144', 'priscila.luz@empresa.com', '76509832144', 1, 13, NULL, '0000-00-00 00:00:00', '2025-05-09 18:55:25', NULL),
	(16, '2025-05-09', '12345678', 'Ana Cláudia Ribeiro', '38144201965', 'ana.ribeiro@escola.edu.br', '38144201965', 1, 13, NULL, '0000-00-00 00:00:00', '2025-05-09 18:55:25', NULL),
	(17, '2025-05-09', '12345678', 'Bruno Ferreira da Silva', '06419873524', 'bruno.silva@escola.edu.br', '06419873524', 1, 13, NULL, '0000-00-00 00:00:00', '2025-05-09 18:55:25', NULL),
	(18, '2025-05-09', '23456789', 'Carla Martins Soares', '75834962011', 'carla.soares@escola.edu.br', '75834962011', 1, 13, NULL, '0000-00-00 00:00:00', '2025-05-09 18:55:25', NULL),
	(19, '2025-05-09', '23456789', 'Daniel Costa Lima', '41982053790', 'daniel.lima@escola.edu.br', '41982053790', 1, 13, NULL, '0000-00-00 00:00:00', '2025-05-09 18:55:25', NULL),
	(20, '2025-05-09', '23456789', 'Érica Nogueira Santos', '56301789420', 'erica.santos@escola.edu.br', '56301789420', 1, 13, NULL, '0000-00-00 00:00:00', '2025-05-09 18:55:25', NULL),
	(21, '2025-05-09', '67890123', 'Felipe Andrade Rocha', '13758420249', 'felipe.rocha@escola.edu.br', '13758420249', 1, 13, NULL, '0000-00-00 00:00:00', '2025-05-09 18:55:25', NULL),
	(22, '2025-05-09', '67890123', 'Gabriela Pinto Cardoso', '92647315800', 'gabriela.cardoso@escola.edu.br', '92647315800', 1, 13, NULL, '0000-00-00 00:00:00', '2025-05-09 18:55:25', NULL),
	(23, '2025-05-09', '67890123', 'Henrique Almeida Barros', '81034695762', 'henrique.barros@escola.edu.br', '81034695762', 1, 13, NULL, '0000-00-00 00:00:00', '2025-05-09 18:55:25', NULL),
	(24, '2025-05-09', '67890123', 'Isabela Tavares Monteiro', '49582036478', 'isabela.monteiro@escola.edu.br', '49582036478', 1, 13, NULL, '0000-00-00 00:00:00', '2025-05-09 18:55:25', NULL),
	(25, '2025-05-09', '78901234', 'João Paulo Vieira', '20874961350', 'joao.vieira@escola.edu.br', '20874961350', 1, 13, NULL, '0000-00-00 00:00:00', '2025-05-09 18:55:25', NULL),
	(26, '2025-05-09', '78901234', 'Karen Lopes Farias', '31867290417', 'karen.farias@escola.edu.br', '31867290417', 1, 13, NULL, '0000-00-00 00:00:00', '2025-05-09 18:55:26', NULL),
	(27, '2025-05-09', '34567890', 'Lucas Mendes Brito', '65981427038', 'lucas.brito@escola.edu.br', '65981427038', 1, 13, NULL, '0000-00-00 00:00:00', '2025-05-09 18:55:26', NULL),
	(28, '2025-05-09', '34567890', 'Mariana Castro Pires', '51429083600', 'mariana.pires@escola.edu.br', '51429083600', 1, 13, NULL, '0000-00-00 00:00:00', '2025-05-09 18:55:26', NULL),
	(29, '2025-05-09', '34567890', 'Nelson Duarte Fonseca', '98314257066', 'nelson.fonseca@escola.edu.br', '98314257066', 1, 13, NULL, '0000-00-00 00:00:00', '2025-05-09 18:55:26', NULL),
	(30, '2025-05-09', '34567890', 'Olivia Ramos Goulart', '34760129509', 'olivia.goulart@escola.edu.br', '34760129509', 1, 13, NULL, '0000-00-00 00:00:00', '2025-05-09 18:55:26', NULL),
	(31, '2025-05-09', '45678901', 'Pedro Henrique Sales', '10248693724', 'pedro.sales@escola.edu.br', '10248693724', 1, 13, NULL, '0000-00-00 00:00:00', '2025-05-09 18:55:26', NULL),
	(32, '2025-05-09', '45678901', 'Queila Andrade Moraes', '87205943180', 'queila.moraes@escola.edu.br', '87205943180', 1, 13, NULL, '0000-00-00 00:00:00', '2025-05-09 18:55:26', NULL),
	(33, '2025-05-09', '56789012', 'Rafael Teixeira Cunha', '69021374852', 'rafael.cunha@escola.edu.br', '69021374852', 1, 13, NULL, '0000-00-00 00:00:00', '2025-05-09 18:55:26', NULL),
	(34, '2025-05-09', '56789012', 'Sabrina Lopes Ventura', '73159480634', 'sabrina.ventura@escola.edu.br', '73159480634', 1, 13, NULL, '0000-00-00 00:00:00', '2025-05-09 18:55:26', NULL),
	(35, '2025-05-09', '56789012', 'Tiago Almeida Castro', '56420739108', 'tiago.castro@escola.edu.br', '56420739108', 1, 13, NULL, '0000-00-00 00:00:00', '2025-05-09 18:55:26', NULL),
	(36, '2025-05-09', '56789012', 'Úrsula Pereira Campos', '20863715973', 'ursula.campos@escola.edu.br', '20863715973', 1, 13, NULL, '0000-00-00 00:00:00', '2025-05-09 18:55:26', NULL),
	(37, '2025-05-09', '56789012', 'Victor Hugo Lima', '37519804211', 'victor.lima@escola.edu.br', '37519804211', 1, 13, NULL, '0000-00-00 00:00:00', '2025-05-09 18:55:26', NULL),
	(38, '2025-05-09', '89012345', 'Wagner Souza Prado', '74610598225', 'wagner.prado@escola.edu.br', '74610598225', 1, 13, NULL, '0000-00-00 00:00:00', '2025-05-09 18:55:26', NULL),
	(39, '2025-05-09', '89012345', 'Xênia Beatriz Oliveira', '18439061766', 'xenia.oliveira@escola.edu.br', '18439061766', 1, 13, NULL, '0000-00-00 00:00:00', '2025-05-09 18:55:26', NULL),
	(40, '2025-05-09', '89012345', 'Yara Cristina Barbosa', '69380415249', 'yara.barbosa@escola.edu.br', '69380415249', 1, 13, NULL, '0000-00-00 00:00:00', '2025-05-09 18:55:27', NULL),
	(41, '2025-05-09', '89012345', 'Zeca Martins Lopes', '31782690471', 'zeca.lopes@escola.edu.br', '31782690471', 1, 13, NULL, '0000-00-00 00:00:00', '2025-05-09 18:55:27', NULL),
	(42, '2025-05-09', '89012345', 'Amanda Cunha Rocha', '95048172003', 'amanda.rocha@escola.edu.br', '95048172003', 1, 13, NULL, '0000-00-00 00:00:00', '2025-05-09 18:55:27', NULL),
	(43, '2025-05-09', '89012345', 'Breno Assis Machado', '23415769860', 'breno.machado@escola.edu.br', '23415769860', 1, 13, NULL, '0000-00-00 00:00:00', '2025-05-09 18:55:27', NULL),
	(44, '2025-05-09', '90123456', 'Camila Diniz Lacerda', '72103956492', 'camila.lacerda@escola.edu.br', '72103956492', 1, 13, NULL, '0000-00-00 00:00:00', '2025-05-09 18:55:27', NULL),
	(45, '2025-05-09', '90123456', 'Diego Moura Carvalho', '40869213507', 'diego.carvalho@escola.edu.br', '40869213507', 1, 13, NULL, '0000-00-00 00:00:00', '2025-05-09 18:55:27', NULL),
	(46, '2025-05-09', '12345678', 'Ana Cláudia Souza', '05432715406', 'ana.souza@email.com', '05432715406', 1, 2, NULL, '0000-00-00 00:00:00', '2025-05-09 18:55:27', NULL),
	(47, '2025-05-09', '12345678', 'Marcos Antônio Lima', '21894623088', 'marcos.lima@email.com', '21894623088', 1, 3, NULL, '0000-00-00 00:00:00', '2025-05-09 18:55:27', NULL),
	(48, '2025-05-09', '2345678', 'Beatriz Ferreira Gomes', '36951078900', 'beatriz.gomes@email.com', '36951078900', 1, 4, NULL, '0000-00-00 00:00:00', '2025-05-09 18:55:27', NULL),
	(49, '2025-05-09', '23456789', 'Lucas Henrique Silva', '48263185047', 'lucas.silva@email.com', '48263185047', 1, 4, NULL, '0000-00-00 00:00:00', '2025-05-09 18:55:27', NULL),
	(50, '2025-05-09', '34567890', 'Camila Rocha Almeida', '15798293420', 'camila.almeida@email.com', '15798293420', 1, 12, NULL, '0000-00-00 00:00:00', '2025-05-09 18:55:27', NULL),
	(51, '2025-05-09', '45678901', 'Rafael Pereira Monteiro', '82416078333', 'rafael.monteiro@email.com', '82416078333', 1, 7, NULL, '0000-00-00 00:00:00', '2025-05-09 18:55:27', NULL),
	(52, '2025-05-09', '34567890', 'Juliana Ribeiro Torres', '37594261027', 'juliana.torres@email.com', '37594261027', 1, 7, NULL, '0000-00-00 00:00:00', '2025-05-09 18:55:27', NULL),
	(53, '2025-05-09', '56789012', 'Fernanda Lima Castro', '28641973584', 'fernanda.castro@email.com', '28641973584', 1, 7, NULL, '0000-00-00 00:00:00', '2025-05-09 18:55:28', NULL),
	(54, '2025-05-09', '567890123', 'Thiago Oliveira Martins', '65372819098', 'thiago.martins@email.com', '65372819098', 1, 4, NULL, '0000-00-00 00:00:00', '2025-05-09 18:55:28', NULL),
	(55, '2025-05-09', '56789012', 'Daniela Costa Barros', '49218504360', 'daniela.barros@email.com', '49218504360', 1, 12, NULL, '0000-00-00 00:00:00', '2025-05-09 18:55:29', NULL),
	(56, '2025-05-09', '67890123', 'André Luiz Correia', '34897102850', 'andre.correia@email.com', '34897102850', 1, 7, NULL, '0000-00-00 00:00:00', '2025-05-09 18:55:29', NULL),
	(57, '2025-05-09', '67890123', 'Larissa Fernandes Brito', '75926391815', 'larissa.brito@email.com', '75926391815', 1, 7, NULL, '0000-00-00 00:00:00', '2025-05-09 18:55:32', NULL),
	(58, '2025-05-09', '78901234', 'Fábio Mendes Araújo', '10863204578', 'fabio.araujo@email.com', '10863204578', 1, 4, NULL, '0000-00-00 00:00:00', '2025-05-09 18:55:34', NULL),
	(59, '2025-05-09', 'Priscila Nunes Santa', '291.875.604-01', '', 'priscila.santana@email.com', '', 1, 12, NULL, '0000-00-00 00:00:00', '2025-05-09 18:55:35', NULL),
	(60, '2025-05-09', '89012345', 'Jorge Henrique Duarte', '60128439094', 'jorge.duarte@email.com', '60128439094', 1, 7, NULL, '0000-00-00 00:00:00', '2025-05-09 18:55:35', NULL),
	(61, '2025-05-09', '89012345', 'Marina Lopes Cardoso', '93217024676', 'marina.cardoso@email.com', '93217024676', 1, 7, NULL, '0000-00-00 00:00:00', '2025-05-09 18:55:36', NULL),
	(62, '2025-05-09', '90123456', 'Vinícius Tavares Lima', '85746018300', 'vinicius.lima@email.com', '85746018300', 1, 7, NULL, '0000-00-00 00:00:00', '2025-05-09 18:55:36', NULL),
	(63, '2025-05-09', '90123456', 'Amanda Vieira Teixeira', '41625870962', 'amanda.teixeira@email.com', '41625870962', 1, 7, NULL, '0000-00-00 00:00:00', '2025-05-09 18:55:36', NULL),
	(64, '2025-05-09', '78901234', 'Carlos Eduardo Martins', '17360948255', 'carlos.martins@email.com', '17360948255', 1, 7, NULL, '0000-00-00 00:00:00', '2025-05-09 18:55:36', NULL),
	(65, '2025-05-09', '45678901', 'Sabrina Oliveira Ramos', '74891536081', 'sabrina.ramos@email.com', '74891536081', 1, 7, NULL, '0000-00-00 00:00:00', '2025-05-09 18:55:36', NULL),
	(66, '2025-05-13', '15874269', 'Ana Carolina Mendes', '12345678909', 'testefoccus2025@gmail.com', '$2y$10$JM94qpvQFhhJ2/UT6iUneeMKrTI6Te48l4JIAZMBeHky4Qt/Xs31O', 0, 7, 'I8JIPPU0Gd6a78CXbn27IMo8NDDC0Wq2LDtwHrcQkaPZWLFgrRelTVhkdQiP', '0000-00-00 00:00:00', '2025-05-13 19:04:55', '2025-05-17 16:22:16'),
	(71, '2025-05-13', '15874237', 'Ana Carolina Mendes', '12343678909', 'ana.mends@educador.com', '12343678909', 1, 7, NULL, '0000-00-00 00:00:00', '2025-05-13 19:17:12', NULL),
	(72, '2025-05-13', '15874269', 'Carla Beatriz Lima', '23453789012', 'carla.lima@escolaonline.com', '23453789012', 1, 11, NULL, '0000-00-00 00:00:00', '2025-05-13 19:17:12', NULL),
	(73, '2025-05-13', '15874269', 'Diego Ramos Ferreira', '34563890123', 'diego.ferreira@ensino.net', '34563890123', 1, 12, NULL, '0000-00-00 00:00:00', '2025-05-13 19:17:12', NULL),
	(74, '2025-05-13', '15874269', 'Elisa Maria Duarte', '45673901234', 'elisa.duarte@docentes.com', '45673901234', 1, 8, NULL, '0000-00-00 00:00:00', '2025-05-13 19:17:12', NULL),
	(75, '2025-05-13', '65784523', 'Fábio Luiz Monteiro', '56783012345', 'fabio.monteiro@educa.org', '56783012345', 1, 7, NULL, '0000-00-00 00:00:00', '2025-05-13 19:17:12', NULL),
	(76, '2025-05-13', '65784523', 'Gabriela Nunes Rocha', '67893123456', 'gabriela.nunes@ensina.net', '67893123456', 1, 7, NULL, '0000-00-00 00:00:00', '2025-05-13 19:17:12', NULL),
	(77, '2025-05-13', '65784523', 'Isabela Cristina Torres', '89013345678', 'isabela.torres@educador.net', '89013345678', 1, 8, NULL, '0000-00-00 00:00:00', '2025-05-13 19:17:12', NULL),
	(78, '2025-05-13', '65784523', 'João Paulo Martins', '90123356789', 'joao.martins@escolabr.com', '90123356789', 1, 12, NULL, '0000-00-00 00:00:00', '2025-05-13 19:17:12', NULL),
	(79, '2025-05-14', '12375642', 'Carla Mendes Souza', '32918450763', 'carla.souza@universidadebr.edu.br', '32918450763', 1, 7, NULL, '0000-00-00 00:00:00', '2025-05-14 18:36:55', NULL),
	(80, '2025-05-14', '12375642', 'Rodrigo Lima Ferreira', '54827130602', 'rodrigo.lima@educaonline.org', '54827130602', 1, 7, NULL, '0000-00-00 00:00:00', '2025-05-14 18:36:55', NULL),
	(81, '2025-05-14', '15874269', 'anna beatriz arruda barroso de moraes', '12345678900', 'marcos.abmoraes@professor.educacao.pe.gov.br', '$2y$10$XlySMr6lqDk.2Non0WBOfuVsS6/aiuQwCwjcRzEYzVzguD36LisIq', 0, 7, 'pnEP3N71lOwp9rk5snRvqd4daUXMTZ3ukyvW1zl4T3jXLEwvieVnZ5vYJyNp', '0000-00-00 00:00:00', '2025-05-14 18:36:55', '2025-05-27 01:58:38'),
	(82, '0000-00-00', '12375642', 'Rafaela Soares Machado', '40142476862', 'suporte@foccuseditora.com.br', '', 1, 7, NULL, NULL, NULL, NULL),
	(83, '0000-00-00', '12375642', 'Lúcio Flávio Baúte', '11481408836', 'projetos@foccuseditora.com.br', '', 1, 6, NULL, NULL, NULL, NULL),
	(84, '0000-00-00', '12375642', 'Stelita da Silva Melo Paes', '05020196894', 'stelita.paes@foccuseditora.com.br', '', 1, 7, NULL, NULL, NULL, NULL),
	(85, '0000-00-00', '12375642', 'Emanuel Melo AAmorim dos Santos', '41841445860', 'emanuel@foccuesditora.com.br', '', 1, 6, NULL, NULL, NULL, NULL),
	(86, '0000-00-00', '12375642', 'Mariana Sousa Silva', '34607128805', 'pedagogico@foccuseditora.com.br', '', 1, 7, NULL, NULL, NULL, NULL);

-- Copiando estrutura para tabela sap_tea.habilidade
CREATE TABLE IF NOT EXISTS `habilidade` (
  `id_habilidade` int(11) NOT NULL AUTO_INCREMENT,
  `desc_habilidade` varchar(200) NOT NULL,
  `fk_tpeixo` int(11) DEFAULT NULL,
  PRIMARY KEY (`id_habilidade`),
  KEY `fk_tpeixo_habilidade` (`fk_tpeixo`),
  CONSTRAINT `fk_tpeixo_habilidade` FOREIGN KEY (`fk_tpeixo`) REFERENCES `tp_eixo` (`id_tpeixo`)
) ENGINE=InnoDB AUTO_INCREMENT=68 DEFAULT CHARSET=utf8mb4;

-- Copiando dados para a tabela sap_tea.habilidade: ~67 rows (aproximadamente)
INSERT INTO `habilidade` (`id_habilidade`, `desc_habilidade`, `fk_tpeixo`) VALUES
	(1, 'Amplia gradativamente seu vocabulário?', 1),
	(2, 'Amplia gradativamente sua comunicação social?', 1),
	(3, 'Apresenta entonação vocal, com boa articulação e ritmo adequado?', 1),
	(4, 'Ativa conhecimentos prévios em situações de novas aprendizagens?', 1),
	(5, 'Categoriza diferentes elementos de acordo com critérios preestabelecidos?', 1),
	(6, 'Compreende e utiliza comunicação alternativa para se comunicar?', 1),
	(7, 'Compreende que pode receber ajuda de pessoas conhecidas que estão ao seu redor', 1),
	(8, 'Comunica fatos, acontecimentos e ações de seu cotidiano de modo compreensível, ainda que não seja por meio da linguagem verbal?', 1),
	(9, 'Comunica suas necessidades básicas (banheiro, água, comida, entre outros)?', 1),
	(10, 'Entende expressões faciais em uma conversa?', 1),
	(11, 'Executa mais de um comando sequencialmente?', 1),
	(12, 'Expressa-se com clareza e objetividade?', 1),
	(13, 'Faz uso de expressões faciais para se comunicar?', 1),
	(14, 'Faz uso de gestos para se comunicar?', 1),
	(15, 'Identifica diferentes elementos, ampliando seu repertório?', 1),
	(16, 'Identifica semelhanças e diferenças entre elementos?', 1),
	(17, 'Inicia uma situação comunicativa?', 1),
	(18, 'Mantem uma situação comunicativa?', 1),
	(19, 'Nomeia as pessoas que fazem parte de sua rede de apoio?', 1),
	(20, 'Nomeia diferentes elementos, ampliando seu vocabulário?', 1),
	(21, 'Possui autonomia para se comunicar, mesmo em situações que geram conflito?', 1),
	(22, 'Realiza pareamento de elementos idênticos?', 1),
	(23, 'Reconhece e pareia elementos diferentes?', 1),
	(24, 'Reconhece visualmente estímulos apresentados?', 1),
	(25, 'Refere-se a si mesmo em primeira pessoa?', 1),
	(26, 'Respeita turnos de fala?', 1),
	(27, 'Responde ao ouvir seu nome?', 1),
	(28, 'Solicita ajuda de pessoas que estão ao seu redor, quando necessário?', 1),
	(29, 'Utiliza linguagem não verbal para se comunicar?', 1),
	(30, 'Utiliza linguagem verbal para se comunicar?', 1),
	(31, 'Utiliza respostas simples para se comunicar?', 1),
	(32, 'Utiliza vocabulário adequado, de acordo com seu nível de desenvolvimento?', 1),
	(33, 'Adapta-se com flexibilidade a mudanças, em sua rotina', 2),
	(34, 'Apresenta autonomia na realização das atividades propostas?', 2),
	(35, 'Autorregula-se evitando comportamentos disruptivos em situações de desconforto?', 2),
	(36, 'Compreende acontecimentos de sua rotina por meio de ilustrações?', 2),
	(37, 'Compreende regras de convivência?', 2),
	(38, 'Entende ações de autocuidado?', 2),
	(39, 'Faz uso de movimentos corporais, como: apontar, movimentar a cabeça em sinal afirmativo/negativo, entre outros?', 2),
	(40, 'Imita gestos, movimentos e segue comandos?', 2),
	(41, 'Inicia e finaliza as atividades propostas diariamente?', 2),
	(42, 'Interage nos momentos de jogos, lazer e demais atividades, respeitando as regras de convivência?', 2),
	(43, 'Mantem a organização em sua rotina escolar?', 2),
	(44, 'Permanece sentado por mais de dez minutos para a realização das atividades?', 2),
	(45, 'Realiza ações motoras que envolvam movimento e equilíbrio?', 2),
	(46, 'Realiza atividades com atenção e tolerância?', 2),
	(47, 'Realiza, em sua rotina, ações de autocuidado com autonomia?', 2),
	(48, 'Reconhece e identifica alimentos que lhe são oferecidos?', 2),
	(49, 'Responde a comandos de ordem direta?', 2),
	(50, 'Compartilha brinquedos e brincadeiras?', 3),
	(51, 'Compartilha interesses?', 3),
	(52, 'Controla suas emoções? (Autorregula-se)', 3),
	(53, 'Coopera em situações que envolvem interação?', 3),
	(54, 'Demonstra e compartilha afeto?', 3),
	(55, 'Demonstra interesse nas atividades propostas?', 3),
	(56, 'Expressa suas emoções?', 3),
	(57, 'Identifica/reconhece a emoção do outro?', 3),
	(58, 'Identifica/reconhece suas emoções?', 3),
	(59, 'Inicia e mantém interação em situações sociais?', 3),
	(60, 'Interage com o(a) professor(a), seus colegas e outras pessoas de seu convívio escolar?', 3),
	(61, 'Interage, fazendo contato visual?', 3),
	(62, 'Reconhece e entende seus sentimentos, pensamentos e comportamentos?', 3),
	(63, 'Relaciona-se, estabelecendo vínculos?', 3),
	(64, 'Respeita regras em jogos e brincadeiras?', 3),
	(65, 'Respeita regras sociais?', 3),
	(66, 'Responde a interações?', 3),
	(67, 'Solicita ajuda, quando necessário?', 3);

-- Copiando estrutura para tabela sap_tea.habilidade_comportamento
CREATE TABLE IF NOT EXISTS `habilidade_comportamento` (
  `id_hab_comportamento` int(11) NOT NULL AUTO_INCREMENT,
  `cod_hab_comportamento` char(5) COLLATE latin1_general_ci NOT NULL,
  `desc_hab_comportamento` varchar(250) COLLATE latin1_general_ci NOT NULL,
  PRIMARY KEY (`id_hab_comportamento`)
) ENGINE=InnoDB AUTO_INCREMENT=18 DEFAULT CHARSET=latin1 COLLATE=latin1_general_ci;

-- Copiando dados para a tabela sap_tea.habilidade_comportamento: ~17 rows (aproximadamente)
INSERT INTO `habilidade_comportamento` (`id_hab_comportamento`, `cod_hab_comportamento`, `desc_hab_comportamento`) VALUES
	(1, 'ecp01', 'Adapta-se com flexibilidade a mudanças, em sua rotina (familiar, escolar e social)?'),
	(2, 'ecp02', 'Apresenta autonomia na realização das atividades propostas?'),
	(3, 'ecp03', 'Autorregula-se evitando comportamentos disruptivos em situações de desconforto?'),
	(4, 'ecp04', 'Compreende acontecimentos de sua rotina por meio de ilustrações?'),
	(5, 'ecp05', 'Compreende regras de convivência?'),
	(6, 'ecp06', 'Entende ações de autocuidado?'),
	(7, 'ecp07', 'Faz uso de movimentos corporais, como: apontar, movimentar a cabeça em sinal afirmativo/negativo, entre outros?'),
	(8, 'ecp08', 'Imita gestos, movimentos e segue comandos?'),
	(9, 'ecp09', 'Inicia e finaliza as atividades propostas diariamente?'),
	(10, 'ecp10', 'Interage nos momentos de jogos, lazer e demais atividades, respeitando as regras de convivência?'),
	(11, 'ecp11', 'Mantem a organização em sua rotina escolar?'),
	(12, 'ecp12', 'Permanece sentado por mais de dez minutos para a realização das atividades?'),
	(13, 'ecp13', 'Realiza ações motoras que envolvam movimento e equilíbrio?'),
	(14, 'ecp14', 'Realiza atividades com atenção e tolerância?'),
	(15, 'ecp15', 'Realiza, em sua rotina, ações de autocuidado com autonomia?'),
	(16, 'ecp16', 'Reconhece e identifica alimentos que lhe são oferecidos?'),
	(17, 'ecp17', 'Responde a comandos de ordem direta?');

-- Copiando estrutura para tabela sap_tea.habilidade_com_lin
CREATE TABLE IF NOT EXISTS `habilidade_com_lin` (
  `id_hab_com_lin` int(11) NOT NULL AUTO_INCREMENT,
  `cod_hab_com_lin` char(5) COLLATE latin1_general_ci NOT NULL,
  `desc_hab_com_lin` varchar(250) COLLATE latin1_general_ci NOT NULL,
  PRIMARY KEY (`id_hab_com_lin`)
) ENGINE=InnoDB AUTO_INCREMENT=33 DEFAULT CHARSET=latin1 COLLATE=latin1_general_ci;

-- Copiando dados para a tabela sap_tea.habilidade_com_lin: ~32 rows (aproximadamente)
INSERT INTO `habilidade_com_lin` (`id_hab_com_lin`, `cod_hab_com_lin`, `desc_hab_com_lin`) VALUES
	(1, 'ecm01', 'Amplia gradativamente seu vocabulário?'),
	(2, 'ecm02', 'Amplia gradativamente sua comunicação social?'),
	(3, 'ecm03', 'Apresenta entonação vocal, com boa articulação e ritmo adequado?'),
	(4, 'ecm04', 'Ativa conhecimentos prévios em situações de novas aprendizagens?'),
	(5, 'ecm05', 'Categoriza diferentes elementos de acordo com critérios preestabelecidos?'),
	(6, 'ecm06', 'Compreende e utiliza comunicação alternativa para se comunicar?'),
	(7, 'ecm07', 'Compreende que pode receber ajuda de pessoas conhecidas que estão ao seu redor?'),
	(8, 'ecm08', 'Comunica fatos, acontecimentos e ações de seu cotidiano de modo compreensível, ainda que não seja por meio da linguagem verbal?'),
	(9, 'ecm09', 'Comunica suas necessidades básicas (banheiro, água, comida, entre outros)?'),
	(10, 'ecm10', 'Entende expressões faciais em uma conversa?'),
	(11, 'ecm11', 'Executa mais de um comando sequencialmente?'),
	(12, 'ecm12', 'Expressa-se com clareza e objetividade?'),
	(13, 'ecm13', 'Faz uso de expressões faciais para se comunicar?'),
	(14, 'ecm14', 'Faz uso de gestos para se comunicar?'),
	(15, 'ecm15', 'Identifica diferentes elementos, ampliando seu repertório?'),
	(16, 'ecm16', 'Identifica semelhanças e diferenças entre elementos?'),
	(17, 'ecm17', 'Inicia uma situação comunicativa?'),
	(18, 'ecm18', 'Mantem uma situação comunicativa?'),
	(19, 'ecm19', 'Nomeia as pessoas que fazem parte de sua rede de apoio?'),
	(20, 'ecm20', 'Nomeia diferentes elementos, ampliando seu vocabulário?'),
	(21, 'ecm21', 'Possui autonomia para se comunicar, mesmo em situações que geram conflito?'),
	(22, 'ecm22', 'Realiza pareamento de elementos idênticos?'),
	(23, 'ecm23', 'Reconhece e pareia elementos diferentes?'),
	(24, 'ecm24', 'Reconhece visualmente estímulos apresentados?'),
	(25, 'ecm25', 'Refere-se a si mesmo em primeira pessoa?'),
	(26, 'ecm26', 'Respeita turnos de fala?'),
	(27, 'ecm27', 'Responde ao ouvir seu nome?'),
	(28, 'ecm28', 'Solicita ajuda de pessoas que estão ao seu redor, quando necessário?'),
	(29, 'ecm29', 'Utiliza linguagem não verbal para se comunicar?'),
	(30, 'ecm30', 'Utiliza linguagem verbal para se comunicar?'),
	(31, 'ecm31', 'Utiliza respostas simples para se comunicar?'),
	(32, 'ecm32', 'Utiliza vocabulário adequado, de acordo com seu nível de desenvolvimento?');

-- Copiando estrutura para tabela sap_tea.habilidade_int_soc
CREATE TABLE IF NOT EXISTS `habilidade_int_soc` (
  `id_hab_int_soc` int(11) NOT NULL AUTO_INCREMENT,
  `cod_hab_int_soc` char(5) COLLATE latin1_general_ci NOT NULL,
  `desc_hab_int_soc` varchar(250) COLLATE latin1_general_ci NOT NULL,
  PRIMARY KEY (`id_hab_int_soc`)
) ENGINE=InnoDB AUTO_INCREMENT=19 DEFAULT CHARSET=latin1 COLLATE=latin1_general_ci;

-- Copiando dados para a tabela sap_tea.habilidade_int_soc: ~18 rows (aproximadamente)
INSERT INTO `habilidade_int_soc` (`id_hab_int_soc`, `cod_hab_int_soc`, `desc_hab_int_soc`) VALUES
	(1, 'eis01', 'Compartilha brinquedos e brincadeiras?'),
	(2, 'eis02', 'Compartilha interesses?'),
	(3, 'eis03', 'Controla suas emoções? (Autorregula-se)'),
	(4, 'eis04', 'Coopera em situações que envolvem interação?'),
	(5, 'eis05', 'Demonstra e compartilha afeto?'),
	(6, 'eis06', 'Demonstra interesse nas atividades propostas?'),
	(7, 'eis07', 'Expressa suas emoções? '),
	(8, 'eis08', 'Identifica/reconhece a emoção do outro?'),
	(9, 'eis09', 'Identifica/reconhece suas emoções?'),
	(10, 'eis10', 'Inicia e mantém interação em situações sociais?'),
	(11, 'eis11', 'Interage com o(a) professor(a), seus colegas e outras pessoas de seu convívio escolar?'),
	(12, 'eis12', 'Interage, fazendo contato visual?'),
	(13, 'eis13', 'Reconhece e entende seus sentimentos, pensamentos e comportamentos? '),
	(14, 'eis14', 'Relaciona-se, estabelecendo vínculos? '),
	(15, 'eis15', 'Respeita regras em jogos e brincadeiras?'),
	(16, 'eis16', 'Respeita regras sociais?'),
	(17, 'eis17', 'Responde a interações? '),
	(18, 'eis18', 'Solicita ajuda, quando necessário?');

-- Copiando estrutura para tabela sap_tea.hab_pro_comportamento
CREATE TABLE IF NOT EXISTS `hab_pro_comportamento` (
  `id_hab_pro_comportamento` int(11) NOT NULL AUTO_INCREMENT,
  `fk_id_hab_comportamento` int(11) DEFAULT NULL,
  `fk_id_pro_comportamento` int(11) DEFAULT NULL,
  PRIMARY KEY (`id_hab_pro_comportamento`)
) ENGINE=InnoDB AUTO_INCREMENT=61 DEFAULT CHARSET=utf8mb4 COLLATE=utf8mb4_unicode_ci;

-- Copiando dados para a tabela sap_tea.hab_pro_comportamento: ~60 rows (aproximadamente)
INSERT INTO `hab_pro_comportamento` (`id_hab_pro_comportamento`, `fk_id_hab_comportamento`, `fk_id_pro_comportamento`) VALUES
	(1, 1, 3),
	(2, 1, 5),
	(3, 1, 6),
	(4, 1, 7),
	(5, 2, 1),
	(6, 2, 3),
	(7, 2, 4),
	(8, 2, 5),
	(9, 2, 6),
	(10, 3, 1),
	(11, 3, 2),
	(12, 3, 3),
	(13, 3, 4),
	(14, 3, 5),
	(15, 3, 7),
	(16, 4, 3),
	(17, 4, 4),
	(18, 4, 6),
	(19, 4, 7),
	(20, 5, 1),
	(21, 5, 5),
	(22, 5, 7),
	(23, 6, 6),
	(24, 6, 7),
	(25, 7, 2),
	(26, 7, 4),
	(27, 7, 5),
	(28, 7, 7),
	(29, 8, 1),
	(30, 8, 2),
	(31, 8, 6),
	(32, 9, 2),
	(33, 9, 3),
	(34, 9, 6),
	(35, 10, 1),
	(36, 10, 2),
	(37, 10, 4),
	(38, 11, 3),
	(39, 11, 5),
	(40, 12, 3),
	(41, 12, 4),
	(42, 12, 5),
	(43, 12, 7),
	(44, 13, 1),
	(45, 13, 2),
	(46, 14, 1),
	(47, 14, 2),
	(48, 14, 3),
	(49, 14, 5),
	(50, 14, 6),
	(51, 15, 3),
	(52, 15, 6),
	(53, 15, 7),
	(54, 16, 3),
	(55, 16, 4),
	(56, 17, 1),
	(57, 17, 2),
	(58, 17, 3),
	(59, 17, 4),
	(60, 17, 7);

-- Copiando estrutura para tabela sap_tea.hab_pro_com_lin
CREATE TABLE IF NOT EXISTS `hab_pro_com_lin` (
  `id_hab_pro_com_lin` int(11) NOT NULL AUTO_INCREMENT,
  `fk_id_hab_com_lin` int(11) DEFAULT NULL,
  `fk_id_pro_com_lin` int(11) DEFAULT NULL,
  PRIMARY KEY (`id_hab_pro_com_lin`)
) ENGINE=InnoDB AUTO_INCREMENT=121 DEFAULT CHARSET=utf8mb4 COLLATE=utf8mb4_unicode_ci;

-- Copiando dados para a tabela sap_tea.hab_pro_com_lin: ~120 rows (aproximadamente)
INSERT INTO `hab_pro_com_lin` (`id_hab_pro_com_lin`, `fk_id_hab_com_lin`, `fk_id_pro_com_lin`) VALUES
	(1, 1, 1),
	(2, 1, 2),
	(3, 1, 3),
	(4, 1, 4),
	(5, 1, 6),
	(6, 1, 7),
	(7, 1, 8),
	(8, 2, 1),
	(9, 2, 2),
	(10, 2, 4),
	(11, 2, 5),
	(12, 2, 7),
	(13, 2, 8),
	(14, 3, 8),
	(15, 4, 1),
	(16, 4, 2),
	(17, 4, 3),
	(18, 4, 4),
	(19, 4, 5),
	(20, 4, 6),
	(21, 4, 7),
	(22, 4, 8),
	(23, 5, 3),
	(24, 5, 6),
	(25, 6, 3),
	(26, 6, 4),
	(27, 6, 5),
	(28, 6, 6),
	(29, 6, 7),
	(30, 7, 4),
	(31, 7, 5),
	(32, 8, 4),
	(33, 8, 5),
	(34, 8, 8),
	(35, 9, 4),
	(36, 9, 5),
	(37, 10, 2),
	(38, 10, 4),
	(39, 10, 7),
	(40, 11, 1),
	(41, 11, 3),
	(42, 11, 6),
	(43, 11, 7),
	(44, 12, 1),
	(45, 12, 2),
	(46, 12, 8),
	(47, 13, 2),
	(48, 13, 4),
	(49, 13, 7),
	(50, 14, 2),
	(51, 14, 3),
	(52, 14, 7),
	(53, 15, 1),
	(54, 15, 3),
	(55, 15, 6),
	(56, 16, 1),
	(57, 16, 3),
	(58, 16, 6),
	(59, 16, 7),
	(60, 17, 1),
	(61, 17, 2),
	(62, 17, 4),
	(63, 17, 7),
	(64, 18, 1),
	(65, 18, 8),
	(66, 19, 5),
	(67, 19, 8),
	(68, 20, 1),
	(69, 20, 3),
	(70, 20, 6),
	(71, 20, 7),
	(72, 20, 8),
	(73, 21, 2),
	(74, 21, 4),
	(75, 21, 5),
	(76, 21, 7),
	(77, 22, 3),
	(78, 22, 6),
	(79, 23, 3),
	(80, 23, 6),
	(81, 24, 1),
	(82, 24, 2),
	(83, 24, 3),
	(84, 24, 4),
	(85, 24, 5),
	(86, 25, 6),
	(87, 25, 7),
	(88, 25, 8),
	(89, 25, 2),
	(90, 25, 5),
	(91, 25, 8),
	(92, 26, 1),
	(93, 26, 6),
	(94, 26, 7),
	(95, 26, 8),
	(96, 27, 2),
	(97, 27, 5),
	(98, 28, 4),
	(99, 28, 5),
	(100, 29, 1),
	(101, 29, 2),
	(102, 29, 3),
	(103, 29, 4),
	(104, 29, 5),
	(105, 29, 6),
	(106, 29, 7),
	(107, 29, 8),
	(108, 30, 1),
	(109, 30, 2),
	(110, 30, 3),
	(111, 30, 5),
	(112, 30, 6),
	(113, 30, 8),
	(114, 31, 2),
	(115, 31, 3),
	(116, 31, 4),
	(117, 31, 5),
	(118, 31, 6),
	(119, 32, 1),
	(120, 32, 8);

-- Copiando estrutura para tabela sap_tea.hab_pro_int_soc
CREATE TABLE IF NOT EXISTS `hab_pro_int_soc` (
  `id_hab_pro_int_soc` int(11) NOT NULL AUTO_INCREMENT,
  `fk_id_hab_int_soc` int(11) DEFAULT NULL,
  `fk_id_pro_int_soc` int(11) DEFAULT NULL,
  PRIMARY KEY (`id_hab_pro_int_soc`)
) ENGINE=InnoDB AUTO_INCREMENT=67 DEFAULT CHARSET=utf8mb4 COLLATE=utf8mb4_unicode_ci;

-- Copiando dados para a tabela sap_tea.hab_pro_int_soc: ~66 rows (aproximadamente)
INSERT INTO `hab_pro_int_soc` (`id_hab_pro_int_soc`, `fk_id_hab_int_soc`, `fk_id_pro_int_soc`) VALUES
	(1, 1, 5),
	(2, 1, 6),
	(3, 2, 5),
	(4, 2, 6),
	(5, 3, 1),
	(6, 3, 3),
	(7, 3, 4),
	(8, 3, 5),
	(9, 3, 6),
	(10, 4, 4),
	(11, 4, 5),
	(12, 4, 6),
	(13, 5, 1),
	(14, 5, 3),
	(15, 5, 4),
	(16, 5, 6),
	(17, 6, 2),
	(18, 6, 4),
	(19, 6, 5),
	(20, 7, 1),
	(21, 7, 2),
	(22, 7, 3),
	(23, 7, 4),
	(24, 7, 5),
	(25, 7, 6),
	(26, 8, 1),
	(27, 8, 3),
	(28, 9, 1),
	(29, 9, 3),
	(30, 9, 4),
	(31, 9, 5),
	(32, 10, 2),
	(33, 10, 3),
	(34, 10, 4),
	(35, 10, 5),
	(36, 10, 6),
	(37, 11, 1),
	(38, 11, 2),
	(39, 11, 3),
	(40, 11, 4),
	(41, 11, 5),
	(42, 11, 6),
	(43, 12, 1),
	(44, 12, 2),
	(45, 12, 3),
	(46, 12, 4),
	(47, 13, 1),
	(48, 13, 2),
	(49, 13, 3),
	(50, 14, 1),
	(51, 14, 2),
	(52, 14, 4),
	(53, 14, 5),
	(54, 14, 6),
	(55, 15, 3),
	(56, 15, 6),
	(57, 16, 5),
	(58, 16, 6),
	(59, 17, 1),
	(60, 17, 2),
	(61, 17, 4),
	(62, 17, 5),
	(63, 17, 6),
	(64, 18, 1),
	(65, 18, 2),
	(66, 18, 4);

-- Copiando estrutura para tabela sap_tea.instituicao
CREATE TABLE IF NOT EXISTS `instituicao` (
  `inst_id` int(11) NOT NULL AUTO_INCREMENT,
  `inst_razaosocial` varchar(250) NOT NULL,
  `inst_cnpj` varchar(20) DEFAULT NULL,
  `inst_endereco` varchar(250) DEFAULT NULL,
  `inst_bairro` varchar(150) DEFAULT NULL,
  `inst_municipio` varchar(150) DEFAULT NULL,
  `inst_cep` varchar(20) DEFAULT NULL,
  `inst_uf` char(2) DEFAULT NULL,
  `inst_email` varchar(200) DEFAULT NULL,
  `inst_tel1` varchar(20) DEFAULT NULL,
  `inst_tel2` varchar(20) DEFAULT NULL,
  PRIMARY KEY (`inst_id`)
) ENGINE=InnoDB AUTO_INCREMENT=6 DEFAULT CHARSET=utf8mb4;

-- Copiando dados para a tabela sap_tea.instituicao: ~5 rows (aproximadamente)
INSERT INTO `instituicao` (`inst_id`, `inst_razaosocial`, `inst_cnpj`, `inst_endereco`, `inst_bairro`, `inst_municipio`, `inst_cep`, `inst_uf`, `inst_email`, `inst_tel1`, `inst_tel2`) VALUES
	(1, ' Prefeitura Municipal de Serra Dourada', '11.222.333/0001-10', 'Rua Principal, 101', 'Centro', 'Serra Dourada', '75800-001', 'BA', 'contato@serradourada.ba.gov.br', '(77) 33411-000', '(77) 33411-001'),
	(2, 'Governo do Estado de Nova Alvorada', '22.333.444/0001-20', 'Av. das Bandeiras, 500', 'Jardim das Estrelas', 'Nova Alvorada', '74500-002', 'MS', 'governo@novaalvorada.ms.gov.br', '6733222000', '6733222001'),
	(3, 'Prefeitura Municipal de Pedra Branca', '33.444.555/0001-30', 'Travessa da Paz, 75', 'Bela Vista', 'Pedra Branca', '76800-003', 'CE', 'ouvidoria@pedrabranca.ce.gov.br', '8835353000', '8835353001'),
	(4, 'Governo do Estado de Campo Limpo', '44.555.666/0001-40', 'Rodovia Estadual KM 12', 'Zona Norte', 'Campo Limpo', '74900-004', 'GO', 'gabinete@campolimpo.go.gov.br', '6234564000', '6536255001'),
	(5, 'Prefeitura Municipal de Rio Verde', '55.666.777/0001-50', 'Praça da República, 200', 'Centro', 'Rio Verde', '75900-005', 'MT', 'comunicacao@rioverde.mt.gov.br', '6536255000', '6536255001');

-- Copiando estrutura para tabela sap_tea.inventario
CREATE TABLE IF NOT EXISTS `inventario` (
  `id_inventario` int(11) NOT NULL AUTO_INCREMENT,
  `fk_idsondagem` int(11) DEFAULT NULL,
  `fk_idhabilidade` int(11) DEFAULT NULL,
  PRIMARY KEY (`id_inventario`),
  KEY `fk_sondagem_inventario` (`fk_idsondagem`),
  KEY `fk_habilidade_inventario` (`fk_idhabilidade`),
  CONSTRAINT `fk_habilidade_inventario` FOREIGN KEY (`fk_idhabilidade`) REFERENCES `habilidade` (`id_habilidade`),
  CONSTRAINT `fk_sondagem_inventario` FOREIGN KEY (`fk_idsondagem`) REFERENCES `sondagem` (`id_sondagem`)
) ENGINE=InnoDB DEFAULT CHARSET=utf8mb4;

-- Copiando dados para a tabela sap_tea.inventario: ~0 rows (aproximadamente)

-- Copiando estrutura para tabela sap_tea.matricula
CREATE TABLE IF NOT EXISTS `matricula` (
  `id_matricula` int(11) NOT NULL AUTO_INCREMENT,
  `numero_matricula` varchar(20) NOT NULL,
  `fk_cod_valor_turma` varchar(20) CHARACTER SET utf8mb4 COLLATE utf8mb4_unicode_ci DEFAULT NULL,
  `ano_matricula` int(11) DEFAULT NULL,
  `fk_id_aluno` int(11) DEFAULT NULL,
  `fk_cod_mod` int(11) DEFAULT NULL,
  PRIMARY KEY (`id_matricula`)
) ENGINE=InnoDB AUTO_INCREMENT=109 DEFAULT CHARSET=utf8mb4;

-- Copiando dados para a tabela sap_tea.matricula: ~96 rows (aproximadamente)
INSERT INTO `matricula` (`id_matricula`, `numero_matricula`, `fk_cod_valor_turma`, `ano_matricula`, `fk_id_aluno`, `fk_cod_mod`) VALUES
	(1, '8901234567-2025', '63-15874269', 2025, 6, 63),
	(2, '3212345678-2025', '63-15874269', 2025, 25, 63),
	(3, '20230017-2025', '8-23456789', 2025, 73, 8),
	(4, '20230001-2025', '8-23456789', 2025, 57, 8),
	(5, '20230042-2025', '8-23456789', 2025, 98, 8),
	(6, '20230014-2025', '8-23456789', 2025, 70, 8),
	(7, '20230031-2025', '8-23456789', 2025, 87, 8),
	(8, '20230045-2025', '8-23456789', 2025, 101, 8),
	(9, '20230050-2025', '8-23456789', 2025, 106, 8),
	(10, '20230032-2025', '8-23456789', 2025, 88, 8),
	(11, '20230021-2025', '8-23456789', 2025, 77, 8),
	(12, '20230046-2025', '8-23456789', 2025, 102, 8),
	(13, '20230018-2025', '8-23456789', 2025, 74, 8),
	(14, '20230036-2025', '8-23456789', 2025, 92, 8),
	(15, '9988776655-2025', '35-78901234', 2025, 52, 35),
	(16, '2109876543-2025', '35-78901234', 2025, 45, 35),
	(17, '4455667788-2025', '35-78901234', 2025, 54, 35),
	(18, '5432109876-2025', '36-78901234', 2025, 48, 36),
	(19, '8765432109-2025', '1-12375642', 2025, 31, 1),
	(20, '9878901234-2025', '1-12375642', 2025, 43, 1),
	(21, '1023456789-2025', '1-12375642', 2025, 32, 1),
	(22, '6790123456-2025', '57-15874269', 2025, 14, 57),
	(23, '9801234567-2025', '57-15874269', 2025, 10, 57),
	(24, '5434567890-2025', '57-15874269', 2025, 27, 57),
	(25, '3467890123-2025', '67-15874269', 2025, 11, 67),
	(26, '3234567890-2025', '67-15874269', 2025, 20, 67),
	(27, '9890123456-2025', '67-15874269', 2025, 23, 67),
	(28, '7890123456-2025', '67-15874269', 2025, 5, 67),
	(29, '4356789012-2025', '1-12375642', 2025, 35, 1),
	(30, '3245678901-2025', '1-12375642', 2025, 34, 1),
	(31, '7678901234-2025', '1-12375642', 2025, 40, 1),
	(32, '6578901234-2025', '1-12375642', 2025, 37, 1),
	(33, '7654321098-2025', '1-12375642', 2025, 30, 1),
	(34, '5467890123-2025', '1-12375642', 2025, 36, 1),
	(35, '5456789012-2025', '1-12375642', 2025, 38, 1),
	(36, '7656789012-2025', '1-12375642', 2025, 41, 1),
	(37, '6567890123-2025', '1-12375642', 2025, 39, 1),
	(38, '8767890123-2025', '1-12375642', 2025, 42, 1),
	(39, '6543210987-2025', '1-12375642', 2025, 29, 1),
	(40, '2134567890-2025', '1-12375642', 2025, 33, 1),
	(41, '1098765432-2025', '1-12375642', 2025, 44, 1),
	(42, '8789012345-2025', '65-15874269', 2025, 22, 65),
	(43, '5678901234-2025', '65-15874269', 2025, 3, 65),
	(44, '7801234567-2025', '57-15874269', 2025, 15, 57),
	(45, '2101234567-2025', '57-15874269', 2025, 24, 57),
	(46, '3456789012-2025', '35-78901234', 2025, 1, 35),
	(47, '1234567890-2025', '35-78901234', 2025, 49, 35),
	(48, '3210987654-2025', '36-78901234', 2025, 46, 36),
	(49, '2233445566-2025', '36-78901234', 2025, 53, 36),
	(50, '6677889900-2025', '34-78901234', 2025, 55, 34),
	(51, '4321098765-2025', '34-78901234', 2025, 47, 34),
	(52, '1122334455-2025', '40-78901234', 2025, 51, 40),
	(53, '2345678901-2025', '41-78901234', 2025, 56, 41),
	(54, '9876543210-2025', '39-78901234', 2025, 50, 39),
	(55, '20230023-2025', '8-23456789', 2025, 79, 8),
	(56, '20230039-2025', '8-23456789', 2025, 95, 8),
	(57, '20230012-2025', '8-23456789', 2025, 68, 8),
	(58, '20230010-2025', '8-23456789', 2025, 66, 8),
	(59, '20230020-2025', '8-23456789', 2025, 76, 8),
	(60, '20230007-2025', '8-23456789', 2025, 63, 8),
	(61, '20230037-2025', '8-23456789', 2025, 93, 8),
	(62, '20230026-2025', '8-23456789', 2025, 82, 8),
	(63, '20230009-2025', '8-23456789', 2025, 65, 8),
	(64, '20230043-2025', '8-23456789', 2025, 99, 8),
	(65, '20230008-2025', '8-23456789', 2025, 64, 8),
	(66, '20230011-2025', '8-23456789', 2025, 67, 8),
	(67, '20230044-2025', '8-23456789', 2025, 100, 8),
	(68, '20230003-2025', '8-23456789', 2025, 59, 8),
	(69, '20230027-2025', '8-23456789', 2025, 83, 8),
	(70, '20230025-2025', '8-23456789', 2025, 81, 8),
	(71, '20230047-2025', '8-23456789', 2025, 103, 8),
	(72, '20230024-2025', '8-23456789', 2025, 80, 8),
	(73, '4345678901-2025', '64-15874269', 2025, 21, 64),
	(74, '5689012345-2025', '64-15874269', 2025, 13, 64),
	(75, '2123456789-2025', '66-15874269', 2025, 19, 66),
	(76, '7689012345-2025', '66-15874269', 2025, 8, 66),
	(77, '9012345678-2025', '59-15874269', 2025, 7, 59),
	(78, '4567890123-2025', '59-15874269', 2025, 2, 59),
	(79, '8912345678-2025', '59-15874269', 2025, 16, 59),
	(80, '8790123456-2025', '59-15874269', 2025, 9, 59),
	(81, '4323456789-2025', '60-15874269', 2025, 26, 60),
	(82, '9023456789-2025', '60-15874269', 2025, 17, 60),
	(83, '6789012345-2025', '61-15874269', 2025, 4, 61),
	(84, '4578901234-2025', '61-15874269', 2025, 12, 61),
	(85, '6545678901-2025', '61-15874269', 2025, 28, 61),
	(86, '1012345678-2025', '61-15874269', 2025, 18, 61),
	(87, '20230006-2025', '8-23456789', 2025, 62, 8),
	(88, '20230015-2025', '8-23456789', 2025, 71, 8),
	(89, '20230019-2025', '8-23456789', 2025, 75, 8),
	(90, '20230028-2025', '8-23456789', 2025, 84, 8),
	(91, '20230049-2025', '8-23456789', 2025, 105, 8),
	(92, '20230004-2025', '8-23456789', 2025, 60, 8),
	(93, '20230033-2025', '8-23456789', 2025, 89, 8),
	(94, '20230040-2025', '8-23456789', 2025, 96, 8),
	(95, '20230038-2025', '8-23456789', 2025, 94, 8),
	(96, '20230002-2025', '8-23456789', 2025, 58, 8),
	(97, '20230016-2025', '8-23456789', 2025, 72, 8),
	(98, '20230029-2025', '8-23456789', 2025, 85, 8),
	(99, '20230048-2025', '8-23456789', 2025, 104, 8),
	(100, '20230022-2025', '8-23456789', 2025, 78, 8),
	(101, '20230005-2025', '8-23456789', 2025, 61, 8),
	(102, '20230041-2025', '8-23456789', 2025, 97, 8),
	(103, '20230030-2025', '8-23456789', 2025, 86, 8),
	(104, '20230013-2025', '8-23456789', 2025, 69, 8),
	(105, '20230034-2025', '8-23456789', 2025, 90, 8),
	(106, '20230035-2025', '8-23456789', 2025, 91, 8),
	(107, '568952-2025', '1-12375642', 2025, 107, 1),
	(108, '156283-2025', '1-12375642', 2025, 108, 1);

-- Copiando estrutura para tabela sap_tea.migrations
CREATE TABLE IF NOT EXISTS `migrations` (
  `id` int(10) unsigned NOT NULL AUTO_INCREMENT,
  `migration` varchar(255) COLLATE utf8mb4_unicode_ci NOT NULL,
  `batch` int(11) NOT NULL,
  PRIMARY KEY (`id`)
) ENGINE=InnoDB AUTO_INCREMENT=6 DEFAULT CHARSET=utf8mb4 COLLATE=utf8mb4_unicode_ci;

-- Copiando dados para a tabela sap_tea.migrations: ~4 rows (aproximadamente)
INSERT INTO `migrations` (`id`, `migration`, `batch`) VALUES
	(1, '2014_10_12_000000_create_users_table', 1),
	(2, '2019_08_19_000000_create_failed_jobs_table', 1),
	(3, '2025_05_07_004949_create_tipo_funcao_table', 1),
	(4, '2025_05_07_005601_create_funcionario_table', 1),
	(5, '2014_10_12_100000_create_password_resets_table', 2);

-- Copiando estrutura para tabela sap_tea.modalidade
CREATE TABLE IF NOT EXISTS `modalidade` (
  `id_modalidade` int(11) NOT NULL AUTO_INCREMENT,
  `data_migracao` datetime DEFAULT NULL,
  `fk_id_modalidade` int(11) DEFAULT NULL,
  `inep_escola` varchar(20) CHARACTER SET utf8mb4 COLLATE utf8mb4_unicode_ci DEFAULT NULL,
  PRIMARY KEY (`id_modalidade`)
) ENGINE=InnoDB AUTO_INCREMENT=74 DEFAULT CHARSET=utf8mb4;

-- Copiando dados para a tabela sap_tea.modalidade: ~73 rows (aproximadamente)
INSERT INTO `modalidade` (`id_modalidade`, `data_migracao`, `fk_id_modalidade`, `inep_escola`) VALUES
	(1, '2025-05-07 09:01:18', 1, '12375642'),
	(2, '2025-05-07 09:01:31', 1, '12345678'),
	(3, '2025-05-07 09:01:31', 2, '12345678'),
	(4, '2025-05-07 09:01:31', 3, '12345678'),
	(5, '2025-05-07 09:01:31', 4, '12345678'),
	(6, '2025-05-07 09:01:31', 5, '12345678'),
	(7, '2025-05-07 09:01:31', 6, '12345678'),
	(8, '2025-05-07 09:01:39', 11, '23456789'),
	(9, '2025-05-07 09:01:51', 1, '34567890'),
	(10, '2025-05-07 09:01:51', 2, '34567890'),
	(11, '2025-05-07 09:01:51', 3, '34567890'),
	(12, '2025-05-07 09:01:51', 4, '34567890'),
	(13, '2025-05-07 09:01:51', 5, '34567890'),
	(14, '2025-05-07 09:01:51', 6, '34567890'),
	(15, '2025-05-07 09:01:51', 7, '34567890'),
	(16, '2025-05-07 09:01:51', 8, '34567890'),
	(17, '2025-05-07 09:01:51', 9, '34567890'),
	(18, '2025-05-07 09:01:51', 10, '34567890'),
	(19, '2025-05-07 09:02:04', 7, '45678901'),
	(20, '2025-05-07 09:02:04', 8, '45678901'),
	(21, '2025-05-07 09:02:04', 9, '45678901'),
	(22, '2025-05-07 09:02:04', 10, '45678901'),
	(23, '2025-05-07 09:02:13', 7, '56789012'),
	(24, '2025-05-07 09:02:13', 8, '56789012'),
	(25, '2025-05-07 09:02:13', 9, '56789012'),
	(26, '2025-05-07 09:02:13', 10, '56789012'),
	(27, '2025-05-07 09:02:13', 11, '56789012'),
	(28, '2025-05-07 09:02:25', 1, '67890123'),
	(29, '2025-05-07 09:02:25', 2, '67890123'),
	(30, '2025-05-07 09:02:25', 3, '67890123'),
	(31, '2025-05-07 09:02:25', 4, '67890123'),
	(32, '2025-05-07 09:02:25', 5, '67890123'),
	(33, '2025-05-07 09:02:25', 6, '67890123'),
	(34, '2025-05-07 09:02:39', 1, '78901234'),
	(35, '2025-05-07 09:02:39', 2, '78901234'),
	(36, '2025-05-07 09:02:39', 3, '78901234'),
	(37, '2025-05-07 09:02:39', 4, '78901234'),
	(38, '2025-05-07 09:02:39', 5, '78901234'),
	(39, '2025-05-07 09:02:39', 6, '78901234'),
	(40, '2025-05-07 09:02:39', 7, '78901234'),
	(41, '2025-05-07 09:02:39', 8, '78901234'),
	(42, '2025-05-07 09:02:39', 9, '78901234'),
	(43, '2025-05-07 09:02:39', 10, '78901234'),
	(44, '2025-05-07 09:02:52', 1, '89012345'),
	(45, '2025-05-07 09:02:52', 11, '89012345'),
	(46, '2025-05-07 09:03:03', 1, '90123456'),
	(47, '2025-05-07 09:03:03', 2, '90123456'),
	(48, '2025-05-07 09:03:03', 3, '90123456'),
	(49, '2025-05-07 09:03:03', 4, '90123456'),
	(50, '2025-05-07 09:03:03', 5, '90123456'),
	(51, '2025-05-07 09:03:03', 6, '90123456'),
	(52, '2025-05-07 09:03:03', 7, '90123456'),
	(53, '2025-05-07 09:03:03', 8, '90123456'),
	(54, '2025-05-07 09:03:03', 9, '90123456'),
	(55, '2025-05-07 09:03:03', 10, '90123456'),
	(56, '2025-05-07 09:03:03', 11, '90123456'),
	(57, '2025-05-13 10:49:02', 1, '15874269'),
	(58, '2025-05-13 10:49:02', 2, '15874269'),
	(59, '2025-05-13 10:49:02', 3, '15874269'),
	(60, '2025-05-13 10:49:02', 4, '15874269'),
	(61, '2025-05-13 10:49:02', 5, '15874269'),
	(62, '2025-05-13 10:49:02', 6, '15874269'),
	(63, '2025-05-13 10:49:02', 7, '15874269'),
	(64, '2025-05-13 10:49:02', 8, '15874269'),
	(65, '2025-05-13 10:49:02', 9, '15874269'),
	(66, '2025-05-13 10:49:02', 10, '15874269'),
	(67, '2025-05-13 10:49:02', 11, '15874269'),
	(68, '2025-05-13 10:50:00', 1, '65784523'),
	(69, '2025-05-13 10:50:00', 2, '65784523'),
	(70, '2025-05-13 10:50:00', 3, '65784523'),
	(71, '2025-05-13 10:50:00', 4, '65784523'),
	(72, '2025-05-13 10:50:00', 5, '65784523'),
	(73, '2025-05-13 10:50:00', 6, '65784523');

-- Copiando estrutura para tabela sap_tea.orgao
CREATE TABLE IF NOT EXISTS `orgao` (
  `org_id` int(11) NOT NULL AUTO_INCREMENT,
  `org_razaosocial` varchar(250) NOT NULL,
  `org_cnpj` varchar(20) DEFAULT NULL,
  `org_endereco` varchar(250) DEFAULT NULL,
  `org_bairro` varchar(150) DEFAULT NULL,
  `org_municipio` varchar(150) DEFAULT NULL,
  `org_cep` varchar(20) DEFAULT NULL,
  `org_uf` char(2) DEFAULT NULL,
  `org_email` varchar(200) DEFAULT NULL,
  `org_tel1` varchar(20) DEFAULT NULL,
  `org_tel2` varchar(20) DEFAULT NULL,
  `fk_org_inst_id` int(11) DEFAULT NULL,
  PRIMARY KEY (`org_id`),
  KEY `fk_org_inst_id` (`fk_org_inst_id`),
  CONSTRAINT `orgao_ibfk_1` FOREIGN KEY (`fk_org_inst_id`) REFERENCES `instituicao` (`inst_id`)
) ENGINE=InnoDB AUTO_INCREMENT=6 DEFAULT CHARSET=utf8mb4;

-- Copiando dados para a tabela sap_tea.orgao: ~5 rows (aproximadamente)
INSERT INTO `orgao` (`org_id`, `org_razaosocial`, `org_cnpj`, `org_endereco`, `org_bairro`, `org_municipio`, `org_cep`, `org_uf`, `org_email`, `org_tel1`, `org_tel2`, `fk_org_inst_id`) VALUES
	(1, 'Secretaria Municipal de Educação de Vale Verde', '45.678.912/0001-34', 'Av. das Palmeiras, 1234', 'Jardim Central', 'Vale Verde', '38900-000', 'GO', 'educacao@valeverde.go.gov.br', '6233456789', '(62) 33456-789', 5),
	(2, 'Secretaria Municipal de Educação de Pedra Clara', '56.789.123/0001-45', 'Rua das Flores, 567', 'Vila Nova', 'Pedra Clara', '38880-000', 'MG', 'educacao@pedraclara.mg.gov.br', '6233456789', NULL, 1),
	(3, 'Secretaria Municipal de Educação de Nova Esperança', '67.891.234/0001-56', 'Praça Central, 890', 'Centro', 'Nova Esperança', '38910-000', 'PR', 'educacao@novaesperanca.pr.gov.br', '4434567890', NULL, 3),
	(4, 'Secretaria Municipal de Educação de São Lázaro', '78.912.345/0001-67', 'Rua do Saber, 321', 'Bela Vista', 'São Lázaro', '38870-000', 'BA', 'educacao@saolazaro.ba.gov.br', '(88) 88888-8888', '(88) 88888-8888', 1),
	(5, 'Secretaria Municipal de Educação de Lago Azul', '89.123.456/0001-78', 'Av. Beira Lago, 456', 'Lagoa', 'Lago Azul', '38920-000', 'MT', 'educacao@lagoazul.mt.gov.br', '6532321001', NULL, 4);

-- Copiando estrutura para tabela sap_tea.password_resets
CREATE TABLE IF NOT EXISTS `password_resets` (
  `email` varchar(255) COLLATE utf8mb4_unicode_ci NOT NULL,
  `token` varchar(255) COLLATE utf8mb4_unicode_ci NOT NULL,
  `created_at` timestamp NULL DEFAULT NULL,
  KEY `password_resets_email_index` (`email`)
) ENGINE=InnoDB DEFAULT CHARSET=utf8mb4 COLLATE=utf8mb4_unicode_ci;

-- Copiando dados para a tabela sap_tea.password_resets: ~1 rows (aproximadamente)
INSERT INTO `password_resets` (`email`, `token`, `created_at`) VALUES
	('testefoccus2025@gmail.com', '$2y$10$OwJYdnkUERgM6fqYuwbVge9NqNsUj2CKAQJL47WZdeck7DkKNnX8u', '2025-06-05 15:28:43'),
	('edpedro123456@gmail.com', '$2y$10$jNCtnac5YeubMxFum.fcPeSjx37zAipHXPil.7lyxyOCZIZ0x6T6O', '2025-06-07 13:57:51');

-- Copiando estrutura para tabela sap_tea.perfil_estudante
CREATE TABLE IF NOT EXISTS `perfil_estudante` (
  `id_perfil` int(11) NOT NULL AUTO_INCREMENT,
  `diag_laudo` tinyint(1) NOT NULL,
  `cid` varchar(100) DEFAULT NULL,
  `nome_medico` varchar(250) DEFAULT NULL,
  `data_laudo` date DEFAULT NULL,
  `nivel_suporte` varchar(100) DEFAULT NULL,
  `uso_medicamento` tinyint(1) DEFAULT NULL,
  `quais_medicamento` varchar(250) DEFAULT NULL,
  `nec_pro_apoio` int(11) DEFAULT NULL,
  `prof_apoio` tinyint(1) DEFAULT NULL,
  `loc_01` tinyint(1) DEFAULT NULL,
  `hig_02` tinyint(1) DEFAULT NULL,
  `ali_03` tinyint(1) DEFAULT NULL,
  `com_04` tinyint(1) DEFAULT NULL,
  `out_05` tinyint(1) DEFAULT NULL,
  `out_momentos` varchar(250) DEFAULT NULL,
  `at_especializado` int(11) DEFAULT NULL,
  `nome_prof_AEE` varchar(250) DEFAULT NULL,
  `fk_id_aluno` int(11) DEFAULT NULL,
  `update_count` int(11) DEFAULT NULL,
  PRIMARY KEY (`id_perfil`)
) ENGINE=InnoDB AUTO_INCREMENT=18 DEFAULT CHARSET=utf8mb4;

-- Copiando dados para a tabela sap_tea.perfil_estudante: ~9 rows (aproximadamente)
INSERT INTO `perfil_estudante` (`id_perfil`, `diag_laudo`, `cid`, `nome_medico`, `data_laudo`, `nivel_suporte`, `uso_medicamento`, `quais_medicamento`, `nec_pro_apoio`, `prof_apoio`, `loc_01`, `hig_02`, `ali_03`, `com_04`, `out_05`, `out_momentos`, `at_especializado`, `nome_prof_AEE`, `fk_id_aluno`, `update_count`) VALUES
	(1, 1, 'dffddfd', 'fdffd', NULL, '1', 1, 'fdfdf', 1, 1, 1, 0, 0, 0, 0, NULL, 1, NULL, 6, NULL),
	(2, 1, NULL, NULL, NULL, '1', 1, NULL, 1, 0, 1, 1, 1, 1, 1, 'xxxxxxxxxxxxxxxxx', 1, 'xxxxxx', 73, NULL),
	(3, 1, NULL, NULL, NULL, '1', 1, NULL, 1, NULL, 0, 0, 0, 0, 0, NULL, 1, NULL, 73, NULL),
	(4, 1, NULL, NULL, NULL, '1', 1, 'yyyyyyyyyyyyyyyyyyyyyyyy', 1, NULL, 0, 0, 0, 0, 0, NULL, 1, NULL, 107, NULL),
	(5, 1, 'yyyyyyyyyyyyyyyy', 'brunna arruda', NULL, '1', 1, 'yyyyyyyyyyyyyyyyyyyyyyyy', 1, NULL, 1, 1, 1, 1, 1, 'on', 1, NULL, 73, NULL),
	(6, 1, 'yyyyyyyyyyyyyyyy', 'brunna arruda', NULL, '1', 1, 'yyyyyyyyyyyyyyyyyyyyyyyy', 1, NULL, 1, 1, 1, 1, 1, 'on', 1, NULL, 73, NULL),
	(7, 1, NULL, NULL, NULL, '1', 1, 'aaaaaaaaaaa', 1, NULL, 0, 0, 0, 0, 0, NULL, 1, NULL, 6, NULL),
	(8, 1, NULL, NULL, NULL, '1', 1, 'aaaaaaaaaaa', 1, NULL, 0, 0, 0, 0, 0, NULL, 1, NULL, 6, NULL),
	(9, 1, NULL, NULL, NULL, '1', 1, 'aaaaaaaaaaa', 1, NULL, 0, 0, 0, 0, 0, NULL, 1, NULL, 6, NULL),
	(10, 1, NULL, NULL, NULL, '1', 1, 'aaaaaaaaaaa', 1, NULL, 0, 0, 0, 0, 0, NULL, 1, NULL, 6, NULL),
	(11, 1, 'xxxxx', 'xxxx', NULL, '1', 1, 'xxx', 1, NULL, 0, 0, 0, 0, 0, NULL, 1, NULL, 6, NULL),
	(12, 1, 'xxxxx', 'xxxx', NULL, '1', 1, 'xxx', 1, NULL, 0, 0, 0, 0, 0, NULL, 1, NULL, 6, NULL),
	(13, 1, NULL, NULL, NULL, '1', 1, 'sfdfdfdf', 1, 1, 1, 1, 1, 1, 1, 'on', 1, NULL, 25, NULL),
	(14, 1, NULL, NULL, NULL, '1', 1, 'ssss', 1, 1, 1, 1, 1, 1, 1, NULL, 1, NULL, 22, NULL),
	(15, 1, 'mmmmmmmmmmmmmmmmm', 'mmmmmmmmmmmmmmmmmmmmmmmmmmmm', '2025-06-03', '1', 1, 'mmmmmmmmmmmmmmmmmmmmmmmmmmmmmmmmmmm', 1, NULL, 1, 1, 1, 1, 1, 'on', 1, NULL, 3, NULL),
	(16, 1, NULL, NULL, NULL, '1', 1, NULL, 1, 1, 1, 1, 1, 1, 1, NULL, 1, NULL, 14, NULL),
	(17, 0, NULL, NULL, NULL, '1', 1, NULL, 1, NULL, 0, 1, 1, 1, 0, NULL, 0, NULL, 15, NULL);

-- Copiando estrutura para tabela sap_tea.perfil_familia
CREATE TABLE IF NOT EXISTS `perfil_familia` (
  `id_perfil_familia` int(11) NOT NULL AUTO_INCREMENT,
  `expectativa_05` text,
  `estrategia_05` text,
  `crise_esta_05` text,
  `fk_id_aluno` int(11) DEFAULT NULL,
  PRIMARY KEY (`id_perfil_familia`),
  KEY `fk_id_aluno` (`fk_id_aluno`),
  CONSTRAINT `perfil_familia_ibfk_1` FOREIGN KEY (`fk_id_aluno`) REFERENCES `aluno` (`alu_id`)
) ENGINE=InnoDB AUTO_INCREMENT=12 DEFAULT CHARSET=utf8mb4;

-- Copiando dados para a tabela sap_tea.perfil_familia: ~5 rows (aproximadamente)
INSERT INTO `perfil_familia` (`id_perfil_familia`, `expectativa_05`, `estrategia_05`, `crise_esta_05`, `fk_id_aluno`) VALUES
	(1, 'XXXXXXXXXXXXXXXXXXXXX', 'XXXXXXXXXXXXXXXXXXXXXX', 'XXXXXXXXXXXXXXXXXXXXXXXXX', 73),
	(2, NULL, NULL, NULL, 73),
	(3, NULL, NULL, NULL, 107),
	(4, 'CXCXC', 'CXCX', 'CXCXC', 73),
	(5, 'CXCXC', 'CXCX', 'CXCXC', 73),
	(6, 'fdfdfdf', 'fdfdf', 'fdfd', 6),
	(7, 'xxxxxxxxxxxxxxxxxxxxxxxxxxxxxxxxxxxxxxxxxxxxxxxxxxxxxxxxxxxxxxxxxxxxxxxxxxxxxxxxxxxxxxxxxxxxxxxxxxxxxxxxxxxxxxxxxxxxx', 'Existe alguma estratégia utilizada no contexto familiar que pode ser reaplicada na escola?', 'Como a família lida com situações de crise ou estresse do estudante?', 25),
	(8, 'Há expectativas expressas da família em relação ao desempenho e a inclusão do estudante na sala de aula?', 'Existe alguma estratégia utilizada no contexto familiar que pode ser reaplicada na escola?', 'Como a família lida com situações de crise ou estresse do estudante?', 22),
	(9, 'emmmmmmmmmmmmmmmmmmmmmmmmmmmmmmm', 'eeeeeeeeeeeeeeeeeeeeeeeeeeeeee', 'emmmmmmmmmmmmmmmmmmmmmmmmmmmmmmm', 3),
	(10, NULL, NULL, NULL, 14),
	(11, 'ADKMAIUHF', 'MSFOISJAK', 'UMUSIFHSNR', 15);

-- Copiando estrutura para tabela sap_tea.perfil_profissional
CREATE TABLE IF NOT EXISTS `perfil_profissional` (
  `id_perfil_prossionais` int(11) NOT NULL AUTO_INCREMENT,
  `nome_profissional` char(250) COLLATE utf8mb4_unicode_ci DEFAULT NULL,
  `especialidade_area` char(250) COLLATE utf8mb4_unicode_ci DEFAULT NULL,
  `observacoes` text COLLATE utf8mb4_unicode_ci,
  `fk_id_aluno` int(11) DEFAULT NULL,
  PRIMARY KEY (`id_perfil_prossionais`)
) ENGINE=InnoDB DEFAULT CHARSET=utf8mb4 COLLATE=utf8mb4_unicode_ci;

-- Copiando dados para a tabela sap_tea.perfil_profissional: ~0 rows (aproximadamente)

-- Copiando estrutura para tabela sap_tea.personalidade
CREATE TABLE IF NOT EXISTS `personalidade` (
  `id_personalidade` int(11) NOT NULL AUTO_INCREMENT,
  `carac_principal` text,
  `inter_princ_carac` text,
  `livre_gosta_fazer` text,
  `feliz_est` text,
  `trist_est` text,
  `obj_apego` text,
  `fk_id_aluno` int(11) DEFAULT NULL,
  PRIMARY KEY (`id_personalidade`)
) ENGINE=InnoDB AUTO_INCREMENT=12 DEFAULT CHARSET=utf8mb4;

-- Copiando dados para a tabela sap_tea.personalidade: ~5 rows (aproximadamente)
INSERT INTO `personalidade` (`id_personalidade`, `carac_principal`, `inter_princ_carac`, `livre_gosta_fazer`, `feliz_est`, `trist_est`, `obj_apego`, `fk_id_aluno`) VALUES
	(1, 'xxxxxxxxxxxxxxx', 'xxxxxxxxxxxxxxxxxxx', 'xxxxxxxxxxxxxxx', 'xxxxxxxxxxxxxxxxx', 'xxxxxxxxxxxx', 'xxxxxxxxxxxxxxxxxxxxxx', 73),
	(2, NULL, NULL, NULL, NULL, NULL, NULL, 73),
	(3, NULL, NULL, NULL, NULL, NULL, NULL, 107),
	(4, 'Principais características:', 'Principais áreas de interesse (brinquedos, jogos, temas, etc.):', 'CXCXCXCXC', 'CXCXCX', 'CXCXCX', 'CXCXC', 73),
	(5, 'Principais características:', 'Principais áreas de interesse (brinquedos, jogos, temas, etc.):', 'CXCXCXCXC', 'CXCXCX', 'CXCXCX', 'CXCXC', 73),
	(6, 'sfdfdfdfdf', 'fdfdfdfdfdfffdf', 'sfdfdff', 'dfdfdfdf', 'dfffdffdf', 'fdfdfdf', 6),
	(7, 'xxxxxxxxxxxxxxxxxxxxxxxxxxxxxxxxxxxx', 'Principais áreas de interesse (brinquedos, jogos, temas, etc.):', 'xxxxxxxxxxxxxxxxxxxxxxxxxxxxxxxxxxxxx', 'Deixa o estudante muito feliz:', 'Deixa o estudante muito triste ou desconfortável:', 'Objeto de apego? Qual?', 25),
	(8, 'rincipais características:', 'Principais áreas de interesse (brinquedos, jogos, temas, etc.):', 'Gosta de fazer no tempo livre:', 'Deixa o estudante muito feliz:', 'Deixa o estudante muito triste ou desconfortável:', 'Objeto de apego? Qual?', 22),
	(9, 'mmmmmmmmmmmmmmmmmmmmmmmmmmmmmmmmm', 'eeeeeeeeeeeeeeeeeeeeeeeeeeeeeeeeeeeeeeeeee', 'mmmmmmmmmmmmmmmmmmmmmmmmmmmmmmm', 'meeeeeeeeeeeeeeeeeeeeeeeeee', 'mmmmmmmmmmmmmmmmmmmmmmmmmmmmmmm', 'eeeeeeeeeeeeeeeeeeeeeeeeeee', 3),
	(10, NULL, NULL, NULL, NULL, NULL, NULL, 14),
	(11, 'SHUADUASU', 'SJDKADJAHEY', 'FJSNFJSNFS', 'KSDFNSNF', 'SKFSwe', 'psjdfsf,', 15);

-- Copiando estrutura para tabela sap_tea.preenchimento_inventario
CREATE TABLE IF NOT EXISTS `preenchimento_inventario` (
  `id_preenchimento` int(11) NOT NULL AUTO_INCREMENT,
  `professor_responsavel` tinyint(1) DEFAULT NULL,
  `nivel_suporte` tinyint(1) DEFAULT NULL,
  `nivel_comunicacao` tinyint(1) DEFAULT NULL,
  `fase_inv_preenchimento` char(2) COLLATE latin1_general_ci DEFAULT NULL,
  `fk_id_aluno` int(11) DEFAULT NULL,
  `data_cad_inventario` date DEFAULT NULL,
  PRIMARY KEY (`id_preenchimento`)
) ENGINE=InnoDB AUTO_INCREMENT=97 DEFAULT CHARSET=latin1 COLLATE=latin1_general_ci;

-- Copiando dados para a tabela sap_tea.preenchimento_inventario: ~66 rows (aproximadamente)
INSERT INTO `preenchimento_inventario` (`id_preenchimento`, `professor_responsavel`, `nivel_suporte`, `nivel_comunicacao`, `fase_inv_preenchimento`, `fk_id_aluno`, `data_cad_inventario`) VALUES
	(1, 1, 1, 1, 'In', 108, '2025-04-22'),
	(2, 0, 2, 2, 'In', 110, '2025-04-22'),
	(3, 1, 1, 1, 'In', 52, '2025-05-12'),
	(4, 1, 2, 1, 'In', 45, '2025-05-13'),
	(5, 1, 1, 1, 'In', 54, '2025-05-13'),
	(6, 1, 1, 1, 'In', 73, '2025-05-14'),
	(7, 1, 1, 1, 'In', 57, '2025-05-14'),
	(8, 1, 1, 1, 'In', 73, '2025-05-14'),
	(9, 1, 1, 1, 'In', 57, '2025-05-14'),
	(10, 1, 1, 1, 'In', 57, '2025-05-14'),
	(11, 1, 1, 1, 'In', 57, '2025-05-14'),
	(12, 1, 1, 1, 'In', 57, '2025-05-14'),
	(13, 1, 1, 1, 'In', 57, '2025-05-14'),
	(14, 1, 1, 1, 'In', 57, '2025-05-14'),
	(15, 1, 1, 1, 'In', 57, '2025-05-14'),
	(16, 1, 1, 1, 'In', 57, '2025-05-14'),
	(17, 1, 1, 1, 'In', 57, '2025-05-14'),
	(18, 1, 1, 1, 'In', 57, '2025-05-14'),
	(19, 1, 1, 1, 'In', 57, '2025-05-14'),
	(20, 1, 1, 1, 'In', 73, '2025-05-14'),
	(21, 1, 1, 1, 'In', 73, '2025-05-15'),
	(22, 0, 1, 1, 'In', 73, '2025-05-15'),
	(23, 0, 2, 3, 'In', 73, '2025-05-16'),
	(24, 1, 1, 1, 'In', 6, '2025-05-16'),
	(25, 0, 2, 2, 'In', 57, '2025-05-16'),
	(26, 1, 1, 3, 'In', 52, '2025-05-16'),
	(27, 1, 1, 1, 'In', 6, '2025-05-17'),
	(28, 1, 2, 1, 'In', 25, '2025-05-19'),
	(29, 1, 1, 1, 'In', 22, '2025-05-19'),
	(30, 1, 1, 1, 'In', 3, '2025-05-19'),
	(31, 1, 1, 1, 'In', 14, '2025-05-19'),
	(32, 1, 1, 1, 'In', 14, '2025-05-19'),
	(33, 1, 1, 1, 'In', 14, '2025-05-19'),
	(34, 1, 1, 1, 'In', 14, '2025-05-19'),
	(35, 1, 1, 1, 'In', 6, '2025-05-20'),
	(36, 1, 1, 1, 'In', 6, '2025-05-20'),
	(37, 1, 1, 1, 'In', 6, '2025-05-20'),
	(38, 1, 1, 1, 'In', 25, '2025-05-20'),
	(39, 1, 1, 1, 'In', 22, '2025-05-20'),
	(40, 1, 2, 2, 'In', 3, '2025-05-20'),
	(41, 0, 3, 3, 'In', 14, '2025-05-20'),
	(42, 0, 1, 1, 'In', 6, '2025-05-20'),
	(43, 1, 1, 1, 'In', 25, '2025-05-21'),
	(44, 1, 1, 1, 'In', 22, '2025-05-21'),
	(45, 1, 1, 1, 'In', 3, '2025-05-21'),
	(46, 1, 1, 1, 'In', 14, '2025-05-21'),
	(47, 1, 1, 1, 'In', 14, '2025-05-21'),
	(48, 1, 1, 1, 'In', 6, '2025-05-21'),
	(49, 0, 1, 1, 'In', 25, '2025-05-21'),
	(50, 1, 3, 3, 'In', 22, '2025-05-21'),
	(51, 1, 1, 1, 'In', 6, '2025-05-21'),
	(52, 1, 1, 1, 'In', 25, '2025-05-21'),
	(53, 1, 1, 1, 'In', 22, '2025-05-21'),
	(54, 1, 1, 1, 'In', 3, '2025-05-21'),
	(55, 1, 1, 1, 'In', 14, '2025-05-21'),
	(56, 1, 1, 1, 'In', 14, '2025-05-21'),
	(57, 1, 1, 1, 'In', 14, '2025-05-21'),
	(58, 1, 1, 1, 'In', 14, '2025-05-21'),
	(59, 1, 1, 1, 'In', 6, '2025-05-21'),
	(60, 0, 3, 3, 'In', 25, '2025-05-21'),
	(61, 0, 2, 2, 'In', 22, '2025-05-21'),
	(62, 1, 1, 1, 'In', 3, '2025-05-21'),
	(63, 1, 1, 1, 'In', 6, '2025-05-22'),
	(64, 1, 1, 1, 'In', 25, '2025-05-22'),
	(65, 1, 2, 2, 'In', 22, '2025-05-22'),
	(66, 0, 2, 2, 'In', 3, '2025-05-22'),
	(67, 1, 1, 1, 'In', 14, '2025-05-22'),
	(68, 1, 2, 1, 'In', 15, '2025-05-26'),
	(69, 1, 3, 3, 'In', 10, '2025-06-02'),
	(70, 1, 1, 1, 'In', 24, '2025-06-02'),
	(71, 1, 2, 1, 'In', 11, '2025-06-03'),
	(72, 1, 1, 1, 'In', 21, '2025-06-05'),
	(73, 1, 1, 1, 'In', 13, '2025-06-05'),
	(74, 1, 1, 1, 'In', 13, '2025-06-05'),
	(75, 1, 1, 1, 'In', 13, '2025-06-05'),
	(76, 1, 1, 1, 'In', 13, '2025-06-05'),
	(77, 1, 1, 1, 'In', 27, '2025-06-05'),
	(78, 1, 2, 2, 'In', 19, '2025-06-05'),
	(79, 1, 1, 1, 'In', 27, '2025-06-05'),
	(80, 1, 1, 1, 'In', 19, '2025-06-05'),
	(81, NULL, NULL, NULL, 'In', 19, '2025-06-06'),
	(82, NULL, NULL, NULL, 'In', 19, '2025-06-06'),
	(83, NULL, NULL, NULL, 'In', 19, '2025-06-06'),
	(84, NULL, NULL, NULL, 'In', 19, '2025-06-06'),
	(85, NULL, NULL, NULL, 'In', 19, '2025-06-06'),
	(86, NULL, NULL, NULL, 'In', 19, '2025-06-06'),
	(87, NULL, NULL, NULL, 'In', 19, '2025-06-06'),
	(88, NULL, NULL, NULL, 'In', 19, '2025-06-06'),
	(89, NULL, NULL, NULL, 'In', 19, '2025-06-06'),
	(90, NULL, NULL, NULL, 'In', 19, '2025-06-06'),
	(91, NULL, NULL, NULL, 'In', 19, '2025-06-06'),
	(92, 1, 1, 1, 'In', 19, '2025-06-06'),
	(93, 1, 1, 1, 'In', 19, '2025-06-06'),
	(94, 1, 1, 1, 'In', 19, '2025-06-06'),
	(95, 1, 1, 1, 'In', 19, '2025-06-06'),
	(96, 1, 2, 3, 'In', 52, '2025-06-07');

-- Copiando estrutura para tabela sap_tea.preferencia
CREATE TABLE IF NOT EXISTS `preferencia` (
  `id_preferencia` int(11) NOT NULL AUTO_INCREMENT,
  `auditivo_04` tinyint(1) DEFAULT NULL,
  `visual_04` tinyint(1) DEFAULT NULL,
  `tatil_04` tinyint(1) DEFAULT NULL,
  `outros_04` tinyint(1) DEFAULT NULL,
  `maneja_04` text,
  `asa_04` tinyint(1) DEFAULT NULL,
  `alimentos_pref_04` text,
  `alimento_evita_04` text,
  `contato_pc_04` text,
  `reage_contato` text,
  `interacao_escola_04` text,
  `interesse_atividade_04` text,
  `aprende_visual_04` tinyint(1) DEFAULT NULL,
  `recurso_auditivo_04` tinyint(1) DEFAULT NULL,
  `material_concreto_04` tinyint(1) DEFAULT NULL,
  `outro_identificar_04` tinyint(1) DEFAULT NULL,
  `descricao_outro_identificar_04` text,
  `realiza_tarefa_04` text,
  `mostram_eficazes_04` text,
  `prefere_ts_04` text,
  `fk_id_aluno` int(11) DEFAULT NULL,
  PRIMARY KEY (`id_preferencia`),
  KEY `fk_id_aluno` (`fk_id_aluno`),
  CONSTRAINT `preferencia_ibfk_1` FOREIGN KEY (`fk_id_aluno`) REFERENCES `aluno` (`alu_id`)
) ENGINE=InnoDB AUTO_INCREMENT=12 DEFAULT CHARSET=utf8mb4;

-- Copiando dados para a tabela sap_tea.preferencia: ~5 rows (aproximadamente)
INSERT INTO `preferencia` (`id_preferencia`, `auditivo_04`, `visual_04`, `tatil_04`, `outros_04`, `maneja_04`, `asa_04`, `alimentos_pref_04`, `alimento_evita_04`, `contato_pc_04`, `reage_contato`, `interacao_escola_04`, `interesse_atividade_04`, `aprende_visual_04`, `recurso_auditivo_04`, `material_concreto_04`, `outro_identificar_04`, `descricao_outro_identificar_04`, `realiza_tarefa_04`, `mostram_eficazes_04`, `prefere_ts_04`, `fk_id_aluno`) VALUES
	(1, 1, 1, 1, 0, 'xxxxxxxxx', 1, 'Alimentos preferidos:', 'Alimentos que evita:', 'Com quem tem mais afinidade na escola (professores, colegas)? Identifique', 'Como reage no contato com novas pessoas ou situações', NULL, 'XXXXXXXXXXXXXXXXXXXXX', 1, 1, 1, 1, 'XXXXXXXXXXXXXXXXXX', 'XXXXXXXXXXXXXXXXX', 'XXXXXXXXXXXXXXXXXXXX', 'XXXXXXXXXXXXXXXXXXXXX', 73),
	(2, 0, 0, 0, 0, NULL, 1, NULL, NULL, NULL, NULL, NULL, NULL, 0, 0, 0, 0, NULL, NULL, NULL, NULL, 73),
	(3, 0, 0, 0, 0, NULL, 1, NULL, NULL, NULL, NULL, NULL, NULL, 0, 0, 0, 0, NULL, NULL, NULL, NULL, 107),
	(4, 1, 1, 1, 1, 'CXCXC', 1, 'CXCXC', 'CXCXC', 'CXCX', 'CXCXC', 'CXCXC', 'CXCXCX', 1, 0, 0, 0, 'CXCXCX', 'CXCX', 'CXCXC', 'CXCX', 73),
	(5, 1, 1, 1, 1, 'CXCXC', 1, 'CXCXC', 'CXCXC', 'CXCX', 'CXCXC', 'CXCXC', 'CXCXCX', 1, 0, 0, 0, 'CXCXCX', 'CXCX', 'CXCXC', 'CXCX', 73),
	(6, 1, 1, 1, 1, 'fdfdffd', 1, 'ssssssssssssssssssssssssssssssssss', 'ssssssssssssssssssssss', 'ssssssssssssssssssssssssss', 'fdfdfdfdf', 'fdfdfdfdf', 'fdff', 1, 1, 1, 1, 'fdfdf', 'fdfdf', 'fdfdf', 'fdfdf', 6),
	(7, 1, 1, 1, 1, 'Caso sim, como manejar em sala de aula', 1, 'Alimentos preferidos:', 'Alimentos que evita:', 'Com quem tem mais afinidade na escola (professores, colegas)? Identifique', 'Como reage no contato com novas pessoas ou situações', 'O que ajuda a sua interação na escola e o que dificulta a sua interação na escola?', 'Há interesses específicos ou hiperfoco em algum tema ou atividade?', 1, 1, 1, 1, 'Há interesses específicos ou hiperfoco em algum tema ou atividade?', NULL, 'Quais estratégias são utilizadas e se mostram eficazes?', 'Gosta de atividades em grupo ou prefere trabalhar sozinho?', 25),
	(8, 1, 1, 1, 1, 'Caso sim, como manejar em sala de aula', 1, 'Alimentos preferidos:', 'Alimentos que evita:', 'Com quem tem mais afinidade na escola (professores, colegas)? Identifique', 'Como reage no contato com novas pessoas ou situações', 'O que ajuda a sua interação na escola e o que dificulta a sua interação na escola?', 'Há interesses específicos ou hiperfoco em algum tema ou atividade?', 1, 1, 1, 1, 'Há interesses específicos ou hiperfoco em algum tema ou atividade?', 'O que desperta seu interesse para realizar uma tarefa/atividade', 'Quais estratégias são utilizadas e se mostram eficazes?', 'Gosta de atividades em grupo ou prefere trabalhar sozinho?', 22),
	(9, 1, 1, 1, 1, 'eeeeeeeeeeeeeeeeeeeee', 1, 'mmmmmmmmmmmmmmmmmmmmmmmmmmmmmmm', 'eeeeeeeeeeeeeeeeeee', 'emmmmmmmmmmmmmmmmmmmmmmmmmmmmmmm', 'eeeeeeeeeeeeeeeeeeeee', 'mmmmmmmmmmmmmmmmmmmmmmmmmmmmmmm', 'eeeeeeeeeeeeeeeeeee', 1, 1, 1, 1, 'mmmmmmmmmmmmmmmmmmmmmmmmmmmmmmm', 'eeeeeeeeeeeeeeeeeeeeeeeeeeeeee', 'eemmmmmmmmmmmmmmmmmmmmmmmmmmmmmmm', 'eeeeeeeeeeeeeeeeeeeeeeeeeeeeeeeeeeeeeeeeeee', 3),
	(10, 0, 0, 0, 0, NULL, 1, NULL, NULL, NULL, NULL, NULL, NULL, 0, 0, 0, 0, NULL, NULL, NULL, NULL, 14),
	(11, 1, 1, 1, 0, 'SDKFLKSFNM', 1, 'lmsdfmalkmL', 'sdlmfslkf ei', 'SÇMALKMSIESC DSF', 'SKJFNISUHAN', 'SKFSKMKSR', 'SKFNNFWFN', 1, 1, 1, 0, 'SDKJAOKFWE', 'LSMISUCMRY', 'LSKF,SIJ', 'SDJKFNJAKHUE', 15);

-- Copiando estrutura para tabela sap_tea.proposta_comportamento
CREATE TABLE IF NOT EXISTS `proposta_comportamento` (
  `id_pro_comportamento` int(11) NOT NULL AUTO_INCREMENT,
  `cod_pro_comportamento` char(5) COLLATE utf8mb4_unicode_ci NOT NULL,
  `desc_pro_comportamento` varchar(250) COLLATE utf8mb4_unicode_ci NOT NULL,
  PRIMARY KEY (`id_pro_comportamento`)
) ENGINE=InnoDB AUTO_INCREMENT=8 DEFAULT CHARSET=utf8mb4 COLLATE=utf8mb4_unicode_ci;

-- Copiando dados para a tabela sap_tea.proposta_comportamento: ~7 rows (aproximadamente)
INSERT INTO `proposta_comportamento` (`id_pro_comportamento`, `cod_pro_comportamento`, `desc_pro_comportamento`) VALUES
	(1, 'ECP01', 'A ordem é...'),
	(2, 'ECP02', 'Mexe e remexe'),
	(3, 'ECP03', 'Minha rotina'),
	(4, 'ECP04', 'PIQUENIQUE'),
	(5, 'ECP05', 'Positivo e negativo'),
	(6, 'ECP06', 'Rotina de autocuidado'),
	(7, 'NECP1', 'Cortando o Cabelo');

-- Copiando estrutura para tabela sap_tea.proposta_com_lin
CREATE TABLE IF NOT EXISTS `proposta_com_lin` (
  `id_pro_com_lin` int(11) NOT NULL AUTO_INCREMENT,
  `cod_pro_com_lin` varchar(5) COLLATE utf8mb4_unicode_ci NOT NULL,
  `desc_pro_com_lin` varchar(250) COLLATE utf8mb4_unicode_ci NOT NULL,
  PRIMARY KEY (`id_pro_com_lin`)
) ENGINE=InnoDB AUTO_INCREMENT=9 DEFAULT CHARSET=utf8mb4 COLLATE=utf8mb4_unicode_ci;

-- Copiando dados para a tabela sap_tea.proposta_com_lin: ~8 rows (aproximadamente)
INSERT INTO `proposta_com_lin` (`id_pro_com_lin`, `cod_pro_com_lin`, `desc_pro_com_lin`) VALUES
	(1, 'ECM01', '1, 2, 3... acerte uma vez'),
	(2, 'ECM02', 'A mágica da gentileza'),
	(3, 'ECM03', 'Ache e junte'),
	(4, 'ECM04', ' Expressão ilustrada'),
	(5, 'ECM05', 'Minha rede de ajuda'),
	(6, 'ECM06', 'Onde encaixa?'),
	(7, 'ECM07', 'Que animal é esse?'),
	(8, 'ECM08', 'ECM08 - Vivências do cotidiano');

-- Copiando estrutura para tabela sap_tea.proposta_int_soc
CREATE TABLE IF NOT EXISTS `proposta_int_soc` (
  `id_pro_int_soc` int(11) NOT NULL AUTO_INCREMENT,
  `cod_pro_int_soc` char(5) COLLATE utf8mb4_unicode_ci NOT NULL,
  `desc_pro_int_soc` varchar(250) COLLATE utf8mb4_unicode_ci NOT NULL,
  PRIMARY KEY (`id_pro_int_soc`)
) ENGINE=InnoDB AUTO_INCREMENT=7 DEFAULT CHARSET=utf8mb4 COLLATE=utf8mb4_unicode_ci;

-- Copiando dados para a tabela sap_tea.proposta_int_soc: ~6 rows (aproximadamente)
INSERT INTO `proposta_int_soc` (`id_pro_int_soc`, `cod_pro_int_soc`, `desc_pro_int_soc`) VALUES
	(1, 'EIS01', 'Emocionômetro'),
	(2, 'EIS02', 'Eu como sou!'),
	(3, 'EIS03', 'Nomeando as emoções'),
	(4, 'EIS04', ' A professora faltou'),
	(5, 'NEIS2', 'Ano Novo, turma nova'),
	(6, 'NEIS3', 'Hora do intervalo');

-- Copiando estrutura para tabela sap_tea.resultado_agrupado
CREATE TABLE IF NOT EXISTS `resultado_agrupado` (
  `id` int(11) NOT NULL AUTO_INCREMENT,
  `eixo` tinyint(4) NOT NULL,
  `aluno_id` int(11) NOT NULL,
  `proposta_id` int(11) NOT NULL,
  `fase` char(10) COLLATE utf8mb4_unicode_ci DEFAULT NULL,
  `total` int(11) NOT NULL,
  `data_agrupamento` datetime DEFAULT CURRENT_TIMESTAMP,
  PRIMARY KEY (`id`)
) ENGINE=InnoDB DEFAULT CHARSET=utf8mb4 COLLATE=utf8mb4_unicode_ci;

-- Copiando dados para a tabela sap_tea.resultado_agrupado: ~0 rows (aproximadamente)

-- Copiando estrutura para tabela sap_tea.result_eixo_comportamento
CREATE TABLE IF NOT EXISTS `result_eixo_comportamento` (
  `id_result_eixo_comportamento` int(11) NOT NULL AUTO_INCREMENT,
  `fk_hab_pro_comportamento` int(11) DEFAULT NULL,
  `fk_id_pro_comportamento` int(11) DEFAULT NULL,
  `fk_result_alu_id_comportamento` int(11) DEFAULT NULL,
  `date_cadastro` datetime DEFAULT CURRENT_TIMESTAMP,
  `tipo_fase_comportamento` char(2) COLLATE utf8mb4_unicode_ci DEFAULT NULL,
  PRIMARY KEY (`id_result_eixo_comportamento`)
) ENGINE=InnoDB AUTO_INCREMENT=229 DEFAULT CHARSET=utf8mb4 COLLATE=utf8mb4_unicode_ci;

-- Copiando dados para a tabela sap_tea.result_eixo_comportamento: ~228 rows (aproximadamente)
INSERT INTO `result_eixo_comportamento` (`id_result_eixo_comportamento`, `fk_hab_pro_comportamento`, `fk_id_pro_comportamento`, `fk_result_alu_id_comportamento`, `date_cadastro`, `tipo_fase_comportamento`) VALUES
	(1, 10, 1, 6, '2025-05-22 13:26:53', 'In'),
	(2, 10, 2, 6, '2025-05-22 13:26:53', 'In'),
	(3, 10, 4, 6, '2025-05-22 13:26:53', 'In'),
	(4, 11, 3, 6, '2025-05-22 13:26:53', 'In'),
	(5, 11, 5, 6, '2025-05-22 13:26:53', 'In'),
	(6, 14, 1, 6, '2025-05-22 13:26:53', 'In'),
	(7, 14, 2, 6, '2025-05-22 13:26:53', 'In'),
	(8, 14, 3, 6, '2025-05-22 13:26:53', 'In'),
	(9, 14, 5, 6, '2025-05-22 13:26:53', 'In'),
	(10, 14, 6, 6, '2025-05-22 13:26:53', 'In'),
	(11, 1, 3, 22, '2025-05-22 13:37:53', 'In'),
	(12, 1, 5, 22, '2025-05-22 13:37:53', 'In'),
	(13, 1, 6, 22, '2025-05-22 13:37:53', 'In'),
	(14, 1, 7, 22, '2025-05-22 13:37:53', 'In'),
	(15, 2, 1, 22, '2025-05-22 13:37:53', 'In'),
	(16, 2, 3, 22, '2025-05-22 13:37:53', 'In'),
	(17, 2, 4, 22, '2025-05-22 13:37:53', 'In'),
	(18, 2, 5, 22, '2025-05-22 13:37:53', 'In'),
	(19, 2, 6, 22, '2025-05-22 13:37:53', 'In'),
	(20, 3, 1, 22, '2025-05-22 13:37:53', 'In'),
	(21, 3, 2, 22, '2025-05-22 13:37:53', 'In'),
	(22, 3, 3, 22, '2025-05-22 13:37:53', 'In'),
	(23, 3, 4, 22, '2025-05-22 13:37:53', 'In'),
	(24, 3, 5, 22, '2025-05-22 13:37:53', 'In'),
	(25, 3, 7, 22, '2025-05-22 13:37:53', 'In'),
	(26, 4, 3, 22, '2025-05-22 13:37:53', 'In'),
	(27, 4, 4, 22, '2025-05-22 13:37:53', 'In'),
	(28, 4, 6, 22, '2025-05-22 13:37:53', 'In'),
	(29, 4, 7, 22, '2025-05-22 13:37:53', 'In'),
	(30, 5, 1, 22, '2025-05-22 13:37:53', 'In'),
	(31, 5, 5, 22, '2025-05-22 13:37:53', 'In'),
	(32, 5, 7, 22, '2025-05-22 13:37:53', 'In'),
	(33, 6, 6, 22, '2025-05-22 13:37:53', 'In'),
	(34, 6, 7, 22, '2025-05-22 13:37:53', 'In'),
	(35, 7, 2, 22, '2025-05-22 13:37:53', 'In'),
	(36, 7, 4, 22, '2025-05-22 13:37:53', 'In'),
	(37, 7, 5, 22, '2025-05-22 13:37:53', 'In'),
	(38, 7, 7, 22, '2025-05-22 13:37:53', 'In'),
	(39, 8, 1, 22, '2025-05-22 13:37:53', 'In'),
	(40, 8, 2, 22, '2025-05-22 13:37:53', 'In'),
	(41, 8, 6, 22, '2025-05-22 13:37:53', 'In'),
	(42, 9, 2, 22, '2025-05-22 13:37:53', 'In'),
	(43, 9, 3, 22, '2025-05-22 13:37:53', 'In'),
	(44, 9, 6, 22, '2025-05-22 13:37:53', 'In'),
	(45, 10, 1, 22, '2025-05-22 13:37:53', 'In'),
	(46, 10, 2, 22, '2025-05-22 13:37:53', 'In'),
	(47, 10, 4, 22, '2025-05-22 13:37:53', 'In'),
	(48, 11, 3, 22, '2025-05-22 13:37:53', 'In'),
	(49, 11, 5, 22, '2025-05-22 13:37:53', 'In'),
	(50, 12, 3, 22, '2025-05-22 13:37:53', 'In'),
	(51, 12, 4, 22, '2025-05-22 13:37:53', 'In'),
	(52, 12, 5, 22, '2025-05-22 13:37:53', 'In'),
	(53, 12, 7, 22, '2025-05-22 13:37:53', 'In'),
	(54, 13, 1, 22, '2025-05-22 13:37:53', 'In'),
	(55, 13, 2, 22, '2025-05-22 13:37:53', 'In'),
	(56, 14, 1, 22, '2025-05-22 13:37:53', 'In'),
	(57, 14, 2, 22, '2025-05-22 13:37:53', 'In'),
	(58, 14, 3, 22, '2025-05-22 13:37:53', 'In'),
	(59, 14, 5, 22, '2025-05-22 13:37:53', 'In'),
	(60, 14, 6, 22, '2025-05-22 13:37:53', 'In'),
	(61, 15, 3, 22, '2025-05-22 13:37:53', 'In'),
	(62, 15, 6, 22, '2025-05-22 13:37:53', 'In'),
	(63, 15, 7, 22, '2025-05-22 13:37:53', 'In'),
	(64, 16, 3, 22, '2025-05-22 13:37:53', 'In'),
	(65, 16, 4, 22, '2025-05-22 13:37:53', 'In'),
	(66, 17, 1, 22, '2025-05-22 13:37:53', 'In'),
	(67, 17, 2, 22, '2025-05-22 13:37:53', 'In'),
	(68, 17, 3, 22, '2025-05-22 13:37:53', 'In'),
	(69, 17, 4, 22, '2025-05-22 13:37:53', 'In'),
	(70, 17, 7, 22, '2025-05-22 13:37:53', 'In'),
	(71, 2, 1, 3, '2025-05-22 13:38:52', 'In'),
	(72, 2, 3, 3, '2025-05-22 13:38:52', 'In'),
	(73, 2, 4, 3, '2025-05-22 13:38:52', 'In'),
	(74, 2, 5, 3, '2025-05-22 13:38:52', 'In'),
	(75, 2, 6, 3, '2025-05-22 13:38:52', 'In'),
	(76, 4, 3, 3, '2025-05-22 13:38:52', 'In'),
	(77, 4, 4, 3, '2025-05-22 13:38:52', 'In'),
	(78, 4, 6, 3, '2025-05-22 13:38:52', 'In'),
	(79, 4, 7, 3, '2025-05-22 13:38:52', 'In'),
	(80, 6, 6, 3, '2025-05-22 13:38:52', 'In'),
	(81, 6, 7, 3, '2025-05-22 13:38:52', 'In'),
	(82, 8, 1, 3, '2025-05-22 13:38:52', 'In'),
	(83, 8, 2, 3, '2025-05-22 13:38:52', 'In'),
	(84, 8, 6, 3, '2025-05-22 13:38:52', 'In'),
	(85, 10, 1, 3, '2025-05-22 13:38:52', 'In'),
	(86, 10, 2, 3, '2025-05-22 13:38:52', 'In'),
	(87, 10, 4, 3, '2025-05-22 13:38:52', 'In'),
	(88, 12, 3, 3, '2025-05-22 13:38:52', 'In'),
	(89, 12, 4, 3, '2025-05-22 13:38:52', 'In'),
	(90, 12, 5, 3, '2025-05-22 13:38:52', 'In'),
	(91, 12, 7, 3, '2025-05-22 13:38:52', 'In'),
	(92, 14, 1, 3, '2025-05-22 13:38:52', 'In'),
	(93, 14, 2, 3, '2025-05-22 13:38:52', 'In'),
	(94, 14, 3, 3, '2025-05-22 13:38:52', 'In'),
	(95, 14, 5, 3, '2025-05-22 13:38:52', 'In'),
	(96, 14, 6, 3, '2025-05-22 13:38:52', 'In'),
	(97, 16, 3, 3, '2025-05-22 13:38:52', 'In'),
	(98, 16, 4, 3, '2025-05-22 13:38:52', 'In'),
	(99, 2, 1, 14, '2025-05-22 13:45:29', 'In'),
	(100, 2, 3, 14, '2025-05-22 13:45:29', 'In'),
	(101, 2, 4, 14, '2025-05-22 13:45:29', 'In'),
	(102, 2, 5, 14, '2025-05-22 13:45:29', 'In'),
	(103, 2, 6, 14, '2025-05-22 13:45:29', 'In'),
	(104, 3, 1, 14, '2025-05-22 13:45:29', 'In'),
	(105, 3, 2, 14, '2025-05-22 13:45:29', 'In'),
	(106, 3, 3, 14, '2025-05-22 13:45:29', 'In'),
	(107, 3, 4, 14, '2025-05-22 13:45:29', 'In'),
	(108, 3, 5, 14, '2025-05-22 13:45:29', 'In'),
	(109, 3, 7, 14, '2025-05-22 13:45:29', 'In'),
	(110, 7, 2, 14, '2025-05-22 13:45:29', 'In'),
	(111, 7, 4, 14, '2025-05-22 13:45:29', 'In'),
	(112, 7, 5, 14, '2025-05-22 13:45:29', 'In'),
	(113, 7, 7, 14, '2025-05-22 13:45:29', 'In'),
	(114, 8, 1, 14, '2025-05-22 13:45:29', 'In'),
	(115, 8, 2, 14, '2025-05-22 13:45:29', 'In'),
	(116, 8, 6, 14, '2025-05-22 13:45:29', 'In'),
	(117, 10, 1, 14, '2025-05-22 13:45:29', 'In'),
	(118, 10, 2, 14, '2025-05-22 13:45:29', 'In'),
	(119, 10, 4, 14, '2025-05-22 13:45:29', 'In'),
	(120, 12, 3, 14, '2025-05-22 13:45:29', 'In'),
	(121, 12, 4, 14, '2025-05-22 13:45:29', 'In'),
	(122, 12, 5, 14, '2025-05-22 13:45:29', 'In'),
	(123, 12, 7, 14, '2025-05-22 13:45:29', 'In'),
	(124, 13, 1, 14, '2025-05-22 13:45:29', 'In'),
	(125, 13, 2, 14, '2025-05-22 13:45:29', 'In'),
	(126, 14, 1, 14, '2025-05-22 13:45:29', 'In'),
	(127, 14, 2, 14, '2025-05-22 13:45:29', 'In'),
	(128, 14, 3, 14, '2025-05-22 13:45:29', 'In'),
	(129, 14, 5, 14, '2025-05-22 13:45:29', 'In'),
	(130, 14, 6, 14, '2025-05-22 13:45:29', 'In'),
	(131, 15, 3, 14, '2025-05-22 13:45:29', 'In'),
	(132, 15, 6, 14, '2025-05-22 13:45:29', 'In'),
	(133, 15, 7, 14, '2025-05-22 13:45:29', 'In'),
	(134, 3, 1, 15, '2025-05-26 13:37:57', 'In'),
	(135, 3, 2, 15, '2025-05-26 13:37:57', 'In'),
	(136, 3, 3, 15, '2025-05-26 13:37:57', 'In'),
	(137, 3, 4, 15, '2025-05-26 13:37:57', 'In'),
	(138, 3, 5, 15, '2025-05-26 13:37:57', 'In'),
	(139, 3, 7, 15, '2025-05-26 13:37:57', 'In'),
	(140, 4, 3, 15, '2025-05-26 13:37:57', 'In'),
	(141, 4, 4, 15, '2025-05-26 13:37:57', 'In'),
	(142, 4, 6, 15, '2025-05-26 13:37:57', 'In'),
	(143, 4, 7, 15, '2025-05-26 13:37:57', 'In'),
	(144, 11, 3, 15, '2025-05-26 13:37:57', 'In'),
	(145, 11, 5, 15, '2025-05-26 13:37:57', 'In'),
	(146, 2, 1, 10, '2025-06-02 15:25:26', 'In'),
	(147, 2, 3, 10, '2025-06-02 15:25:26', 'In'),
	(148, 2, 4, 10, '2025-06-02 15:25:26', 'In'),
	(149, 2, 5, 10, '2025-06-02 15:25:26', 'In'),
	(150, 2, 6, 10, '2025-06-02 15:25:26', 'In'),
	(151, 3, 1, 10, '2025-06-02 15:25:26', 'In'),
	(152, 3, 2, 10, '2025-06-02 15:25:26', 'In'),
	(153, 3, 3, 10, '2025-06-02 15:25:26', 'In'),
	(154, 3, 4, 10, '2025-06-02 15:25:26', 'In'),
	(155, 3, 5, 10, '2025-06-02 15:25:26', 'In'),
	(156, 3, 7, 10, '2025-06-02 15:25:26', 'In'),
	(157, 6, 6, 10, '2025-06-02 15:25:26', 'In'),
	(158, 6, 7, 10, '2025-06-02 15:25:26', 'In'),
	(159, 9, 2, 10, '2025-06-02 15:25:26', 'In'),
	(160, 9, 3, 10, '2025-06-02 15:25:26', 'In'),
	(161, 9, 6, 10, '2025-06-02 15:25:26', 'In'),
	(162, 10, 1, 10, '2025-06-02 15:25:26', 'In'),
	(163, 10, 2, 10, '2025-06-02 15:25:26', 'In'),
	(164, 10, 4, 10, '2025-06-02 15:25:26', 'In'),
	(165, 11, 3, 10, '2025-06-02 15:25:26', 'In'),
	(166, 11, 5, 10, '2025-06-02 15:25:26', 'In'),
	(167, 12, 3, 10, '2025-06-02 15:25:26', 'In'),
	(168, 12, 4, 10, '2025-06-02 15:25:26', 'In'),
	(169, 12, 5, 10, '2025-06-02 15:25:26', 'In'),
	(170, 12, 7, 10, '2025-06-02 15:25:26', 'In'),
	(171, 14, 1, 10, '2025-06-02 15:25:26', 'In'),
	(172, 14, 2, 10, '2025-06-02 15:25:26', 'In'),
	(173, 14, 3, 10, '2025-06-02 15:25:26', 'In'),
	(174, 14, 5, 10, '2025-06-02 15:25:26', 'In'),
	(175, 14, 6, 10, '2025-06-02 15:25:26', 'In'),
	(176, 15, 3, 10, '2025-06-02 15:25:26', 'In'),
	(177, 15, 6, 10, '2025-06-02 15:25:26', 'In'),
	(178, 15, 7, 10, '2025-06-02 15:25:26', 'In'),
	(179, 3, 1, 24, '2025-06-02 15:52:29', 'In'),
	(180, 3, 2, 24, '2025-06-02 15:52:29', 'In'),
	(181, 3, 3, 24, '2025-06-02 15:52:29', 'In'),
	(182, 3, 4, 24, '2025-06-02 15:52:29', 'In'),
	(183, 3, 5, 24, '2025-06-02 15:52:29', 'In'),
	(184, 3, 7, 24, '2025-06-02 15:52:29', 'In'),
	(185, 9, 2, 24, '2025-06-02 15:52:29', 'In'),
	(186, 9, 3, 24, '2025-06-02 15:52:29', 'In'),
	(187, 9, 6, 24, '2025-06-02 15:52:29', 'In'),
	(188, 10, 1, 24, '2025-06-02 15:52:29', 'In'),
	(189, 10, 2, 24, '2025-06-02 15:52:29', 'In'),
	(190, 10, 4, 24, '2025-06-02 15:52:29', 'In'),
	(191, 11, 3, 24, '2025-06-02 15:52:29', 'In'),
	(192, 11, 5, 24, '2025-06-02 15:52:29', 'In'),
	(193, 14, 1, 24, '2025-06-02 15:52:29', 'In'),
	(194, 14, 2, 24, '2025-06-02 15:52:29', 'In'),
	(195, 14, 3, 24, '2025-06-02 15:52:29', 'In'),
	(196, 14, 5, 24, '2025-06-02 15:52:29', 'In'),
	(197, 14, 6, 24, '2025-06-02 15:52:29', 'In'),
	(198, 5, 1, 11, '2025-06-03 15:43:26', 'In'),
	(199, 5, 5, 11, '2025-06-03 15:43:26', 'In'),
	(200, 5, 7, 11, '2025-06-03 15:43:26', 'In'),
	(201, 6, 6, 11, '2025-06-03 15:43:26', 'In'),
	(202, 6, 7, 11, '2025-06-03 15:43:26', 'In'),
	(203, 12, 3, 11, '2025-06-03 15:43:26', 'In'),
	(204, 12, 4, 11, '2025-06-03 15:43:26', 'In'),
	(205, 12, 5, 11, '2025-06-03 15:43:26', 'In'),
	(206, 12, 7, 11, '2025-06-03 15:43:26', 'In'),
	(207, 1, 3, 21, '2025-06-05 12:53:05', 'In'),
	(208, 1, 5, 21, '2025-06-05 12:53:05', 'In'),
	(209, 1, 6, 21, '2025-06-05 12:53:05', 'In'),
	(210, 1, 7, 21, '2025-06-05 12:53:05', 'In'),
	(211, 2, 1, 21, '2025-06-05 12:53:05', 'In'),
	(212, 2, 3, 21, '2025-06-05 12:53:05', 'In'),
	(213, 2, 4, 21, '2025-06-05 12:53:05', 'In'),
	(214, 2, 5, 21, '2025-06-05 12:53:05', 'In'),
	(215, 2, 6, 21, '2025-06-05 12:53:05', 'In'),
	(216, 3, 1, 21, '2025-06-05 12:53:05', 'In'),
	(217, 3, 2, 21, '2025-06-05 12:53:05', 'In'),
	(218, 3, 3, 21, '2025-06-05 12:53:05', 'In'),
	(219, 3, 4, 21, '2025-06-05 12:53:05', 'In'),
	(220, 3, 5, 21, '2025-06-05 12:53:05', 'In'),
	(221, 3, 7, 21, '2025-06-05 12:53:05', 'In'),
	(222, 16, 3, 21, '2025-06-05 12:53:05', 'In'),
	(223, 16, 4, 21, '2025-06-05 12:53:05', 'In'),
	(224, 17, 1, 21, '2025-06-05 12:53:05', 'In'),
	(225, 17, 2, 21, '2025-06-05 12:53:05', 'In'),
	(226, 17, 3, 21, '2025-06-05 12:53:05', 'In'),
	(227, 17, 4, 21, '2025-06-05 12:53:05', 'In'),
	(228, 17, 7, 21, '2025-06-05 12:53:05', 'In');

-- Copiando estrutura para tabela sap_tea.result_eixo_com_lin
CREATE TABLE IF NOT EXISTS `result_eixo_com_lin` (
  `id_result_eixo_com_lin` int(11) NOT NULL AUTO_INCREMENT,
  `fk_hab_pro_com_lin` int(11) DEFAULT NULL,
  `fk_id_pro_com_lin` int(11) DEFAULT NULL,
  `fk_result_alu_id_ecomling` int(11) DEFAULT NULL,
  `date_cadastro` datetime DEFAULT CURRENT_TIMESTAMP,
  `tipo_fase_com_lin` char(2) COLLATE utf8mb4_unicode_ci DEFAULT NULL,
  PRIMARY KEY (`id_result_eixo_com_lin`)
) ENGINE=InnoDB AUTO_INCREMENT=447 DEFAULT CHARSET=utf8mb4 COLLATE=utf8mb4_unicode_ci;

-- Copiando dados para a tabela sap_tea.result_eixo_com_lin: ~392 rows (aproximadamente)
INSERT INTO `result_eixo_com_lin` (`id_result_eixo_com_lin`, `fk_hab_pro_com_lin`, `fk_id_pro_com_lin`, `fk_result_alu_id_ecomling`, `date_cadastro`, `tipo_fase_com_lin`) VALUES
	(1, 4, 1, 6, '2025-05-22 13:26:53', 'In'),
	(2, 4, 2, 6, '2025-05-22 13:26:53', 'In'),
	(3, 4, 3, 6, '2025-05-22 13:26:53', 'In'),
	(4, 4, 4, 6, '2025-05-22 13:26:53', 'In'),
	(5, 4, 5, 6, '2025-05-22 13:26:53', 'In'),
	(6, 4, 6, 6, '2025-05-22 13:26:53', 'In'),
	(7, 4, 7, 6, '2025-05-22 13:26:53', 'In'),
	(8, 4, 8, 6, '2025-05-22 13:26:53', 'In'),
	(9, 5, 3, 6, '2025-05-22 13:26:53', 'In'),
	(10, 5, 6, 6, '2025-05-22 13:26:53', 'In'),
	(11, 7, 4, 6, '2025-05-22 13:26:53', 'In'),
	(12, 7, 5, 6, '2025-05-22 13:26:53', 'In'),
	(13, 8, 4, 6, '2025-05-22 13:26:53', 'In'),
	(14, 8, 5, 6, '2025-05-22 13:26:53', 'In'),
	(15, 8, 8, 6, '2025-05-22 13:26:53', 'In'),
	(16, 9, 4, 6, '2025-05-22 13:26:53', 'In'),
	(17, 9, 5, 6, '2025-05-22 13:26:53', 'In'),
	(18, 19, 5, 6, '2025-05-22 13:26:53', 'In'),
	(19, 19, 8, 6, '2025-05-22 13:26:53', 'In'),
	(20, 26, 1, 6, '2025-05-22 13:26:53', 'In'),
	(21, 26, 6, 6, '2025-05-22 13:26:53', 'In'),
	(22, 26, 7, 6, '2025-05-22 13:26:53', 'In'),
	(23, 26, 8, 6, '2025-05-22 13:26:53', 'In'),
	(24, 1, 1, 22, '2025-05-22 13:37:52', 'In'),
	(25, 1, 2, 22, '2025-05-22 13:37:52', 'In'),
	(26, 1, 3, 22, '2025-05-22 13:37:52', 'In'),
	(27, 1, 4, 22, '2025-05-22 13:37:52', 'In'),
	(28, 1, 6, 22, '2025-05-22 13:37:52', 'In'),
	(29, 1, 7, 22, '2025-05-22 13:37:52', 'In'),
	(30, 1, 8, 22, '2025-05-22 13:37:52', 'In'),
	(31, 2, 1, 22, '2025-05-22 13:37:52', 'In'),
	(32, 2, 2, 22, '2025-05-22 13:37:52', 'In'),
	(33, 2, 4, 22, '2025-05-22 13:37:52', 'In'),
	(34, 2, 5, 22, '2025-05-22 13:37:52', 'In'),
	(35, 2, 7, 22, '2025-05-22 13:37:52', 'In'),
	(36, 2, 8, 22, '2025-05-22 13:37:52', 'In'),
	(37, 3, 8, 22, '2025-05-22 13:37:52', 'In'),
	(38, 4, 1, 22, '2025-05-22 13:37:52', 'In'),
	(39, 4, 2, 22, '2025-05-22 13:37:52', 'In'),
	(40, 4, 3, 22, '2025-05-22 13:37:52', 'In'),
	(41, 4, 4, 22, '2025-05-22 13:37:52', 'In'),
	(42, 4, 5, 22, '2025-05-22 13:37:52', 'In'),
	(43, 4, 6, 22, '2025-05-22 13:37:52', 'In'),
	(44, 4, 7, 22, '2025-05-22 13:37:52', 'In'),
	(45, 4, 8, 22, '2025-05-22 13:37:52', 'In'),
	(46, 5, 3, 22, '2025-05-22 13:37:52', 'In'),
	(47, 5, 6, 22, '2025-05-22 13:37:52', 'In'),
	(48, 6, 3, 22, '2025-05-22 13:37:52', 'In'),
	(49, 6, 4, 22, '2025-05-22 13:37:52', 'In'),
	(50, 6, 5, 22, '2025-05-22 13:37:52', 'In'),
	(51, 6, 6, 22, '2025-05-22 13:37:52', 'In'),
	(52, 6, 7, 22, '2025-05-22 13:37:52', 'In'),
	(53, 7, 4, 22, '2025-05-22 13:37:52', 'In'),
	(54, 7, 5, 22, '2025-05-22 13:37:52', 'In'),
	(55, 8, 4, 22, '2025-05-22 13:37:52', 'In'),
	(56, 8, 5, 22, '2025-05-22 13:37:52', 'In'),
	(57, 8, 8, 22, '2025-05-22 13:37:52', 'In'),
	(58, 9, 4, 22, '2025-05-22 13:37:52', 'In'),
	(59, 9, 5, 22, '2025-05-22 13:37:52', 'In'),
	(60, 10, 2, 22, '2025-05-22 13:37:52', 'In'),
	(61, 10, 4, 22, '2025-05-22 13:37:52', 'In'),
	(62, 10, 7, 22, '2025-05-22 13:37:52', 'In'),
	(63, 11, 1, 22, '2025-05-22 13:37:52', 'In'),
	(64, 11, 3, 22, '2025-05-22 13:37:52', 'In'),
	(65, 11, 6, 22, '2025-05-22 13:37:52', 'In'),
	(66, 11, 7, 22, '2025-05-22 13:37:52', 'In'),
	(67, 12, 1, 22, '2025-05-22 13:37:52', 'In'),
	(68, 12, 2, 22, '2025-05-22 13:37:52', 'In'),
	(69, 12, 8, 22, '2025-05-22 13:37:52', 'In'),
	(70, 13, 2, 22, '2025-05-22 13:37:52', 'In'),
	(71, 13, 4, 22, '2025-05-22 13:37:52', 'In'),
	(72, 13, 7, 22, '2025-05-22 13:37:52', 'In'),
	(73, 14, 2, 22, '2025-05-22 13:37:52', 'In'),
	(74, 14, 3, 22, '2025-05-22 13:37:52', 'In'),
	(75, 14, 7, 22, '2025-05-22 13:37:52', 'In'),
	(76, 15, 1, 22, '2025-05-22 13:37:52', 'In'),
	(77, 15, 3, 22, '2025-05-22 13:37:52', 'In'),
	(78, 15, 6, 22, '2025-05-22 13:37:52', 'In'),
	(79, 16, 1, 22, '2025-05-22 13:37:52', 'In'),
	(80, 16, 3, 22, '2025-05-22 13:37:52', 'In'),
	(81, 16, 6, 22, '2025-05-22 13:37:52', 'In'),
	(82, 16, 7, 22, '2025-05-22 13:37:52', 'In'),
	(83, 17, 1, 22, '2025-05-22 13:37:52', 'In'),
	(84, 17, 2, 22, '2025-05-22 13:37:52', 'In'),
	(85, 17, 4, 22, '2025-05-22 13:37:52', 'In'),
	(86, 17, 7, 22, '2025-05-22 13:37:52', 'In'),
	(87, 18, 1, 22, '2025-05-22 13:37:52', 'In'),
	(88, 18, 8, 22, '2025-05-22 13:37:52', 'In'),
	(89, 19, 5, 22, '2025-05-22 13:37:52', 'In'),
	(90, 19, 8, 22, '2025-05-22 13:37:52', 'In'),
	(91, 20, 1, 22, '2025-05-22 13:37:52', 'In'),
	(92, 20, 3, 22, '2025-05-22 13:37:52', 'In'),
	(93, 20, 6, 22, '2025-05-22 13:37:52', 'In'),
	(94, 20, 7, 22, '2025-05-22 13:37:52', 'In'),
	(95, 20, 8, 22, '2025-05-22 13:37:52', 'In'),
	(96, 21, 2, 22, '2025-05-22 13:37:52', 'In'),
	(97, 21, 4, 22, '2025-05-22 13:37:52', 'In'),
	(98, 21, 5, 22, '2025-05-22 13:37:52', 'In'),
	(99, 21, 7, 22, '2025-05-22 13:37:52', 'In'),
	(100, 22, 3, 22, '2025-05-22 13:37:52', 'In'),
	(101, 22, 6, 22, '2025-05-22 13:37:52', 'In'),
	(102, 23, 3, 22, '2025-05-22 13:37:52', 'In'),
	(103, 23, 6, 22, '2025-05-22 13:37:52', 'In'),
	(104, 24, 1, 22, '2025-05-22 13:37:52', 'In'),
	(105, 24, 2, 22, '2025-05-22 13:37:52', 'In'),
	(106, 24, 3, 22, '2025-05-22 13:37:52', 'In'),
	(107, 24, 4, 22, '2025-05-22 13:37:52', 'In'),
	(108, 24, 5, 22, '2025-05-22 13:37:52', 'In'),
	(109, 25, 6, 22, '2025-05-22 13:37:52', 'In'),
	(110, 25, 7, 22, '2025-05-22 13:37:52', 'In'),
	(111, 25, 8, 22, '2025-05-22 13:37:52', 'In'),
	(112, 25, 2, 22, '2025-05-22 13:37:52', 'In'),
	(113, 25, 5, 22, '2025-05-22 13:37:52', 'In'),
	(114, 25, 8, 22, '2025-05-22 13:37:52', 'In'),
	(115, 26, 1, 22, '2025-05-22 13:37:52', 'In'),
	(116, 26, 6, 22, '2025-05-22 13:37:52', 'In'),
	(117, 26, 7, 22, '2025-05-22 13:37:52', 'In'),
	(118, 26, 8, 22, '2025-05-22 13:37:52', 'In'),
	(119, 27, 2, 22, '2025-05-22 13:37:52', 'In'),
	(120, 27, 5, 22, '2025-05-22 13:37:52', 'In'),
	(121, 28, 4, 22, '2025-05-22 13:37:52', 'In'),
	(122, 28, 5, 22, '2025-05-22 13:37:52', 'In'),
	(123, 29, 1, 22, '2025-05-22 13:37:52', 'In'),
	(124, 29, 2, 22, '2025-05-22 13:37:52', 'In'),
	(125, 29, 3, 22, '2025-05-22 13:37:52', 'In'),
	(126, 29, 4, 22, '2025-05-22 13:37:52', 'In'),
	(127, 29, 5, 22, '2025-05-22 13:37:52', 'In'),
	(128, 29, 6, 22, '2025-05-22 13:37:52', 'In'),
	(129, 29, 7, 22, '2025-05-22 13:37:52', 'In'),
	(130, 29, 8, 22, '2025-05-22 13:37:52', 'In'),
	(131, 30, 1, 22, '2025-05-22 13:37:52', 'In'),
	(132, 30, 2, 22, '2025-05-22 13:37:52', 'In'),
	(133, 30, 3, 22, '2025-05-22 13:37:52', 'In'),
	(134, 30, 5, 22, '2025-05-22 13:37:52', 'In'),
	(135, 30, 6, 22, '2025-05-22 13:37:52', 'In'),
	(136, 30, 8, 22, '2025-05-22 13:37:52', 'In'),
	(137, 31, 2, 22, '2025-05-22 13:37:52', 'In'),
	(138, 31, 3, 22, '2025-05-22 13:37:52', 'In'),
	(139, 31, 4, 22, '2025-05-22 13:37:52', 'In'),
	(140, 31, 5, 22, '2025-05-22 13:37:52', 'In'),
	(141, 31, 6, 22, '2025-05-22 13:37:52', 'In'),
	(142, 32, 1, 22, '2025-05-22 13:37:52', 'In'),
	(143, 32, 8, 22, '2025-05-22 13:37:52', 'In'),
	(144, 2, 1, 3, '2025-05-22 13:38:51', 'In'),
	(145, 2, 2, 3, '2025-05-22 13:38:51', 'In'),
	(146, 2, 4, 3, '2025-05-22 13:38:51', 'In'),
	(147, 2, 5, 3, '2025-05-22 13:38:51', 'In'),
	(148, 2, 7, 3, '2025-05-22 13:38:51', 'In'),
	(149, 2, 8, 3, '2025-05-22 13:38:51', 'In'),
	(150, 4, 1, 3, '2025-05-22 13:38:51', 'In'),
	(151, 4, 2, 3, '2025-05-22 13:38:51', 'In'),
	(152, 4, 3, 3, '2025-05-22 13:38:51', 'In'),
	(153, 4, 4, 3, '2025-05-22 13:38:51', 'In'),
	(154, 4, 5, 3, '2025-05-22 13:38:51', 'In'),
	(155, 4, 6, 3, '2025-05-22 13:38:51', 'In'),
	(156, 4, 7, 3, '2025-05-22 13:38:51', 'In'),
	(157, 4, 8, 3, '2025-05-22 13:38:51', 'In'),
	(158, 6, 3, 3, '2025-05-22 13:38:51', 'In'),
	(159, 6, 4, 3, '2025-05-22 13:38:51', 'In'),
	(160, 6, 5, 3, '2025-05-22 13:38:51', 'In'),
	(161, 6, 6, 3, '2025-05-22 13:38:51', 'In'),
	(162, 6, 7, 3, '2025-05-22 13:38:51', 'In'),
	(163, 8, 4, 3, '2025-05-22 13:38:51', 'In'),
	(164, 8, 5, 3, '2025-05-22 13:38:51', 'In'),
	(165, 8, 8, 3, '2025-05-22 13:38:51', 'In'),
	(166, 10, 2, 3, '2025-05-22 13:38:51', 'In'),
	(167, 10, 4, 3, '2025-05-22 13:38:51', 'In'),
	(168, 10, 7, 3, '2025-05-22 13:38:51', 'In'),
	(169, 12, 1, 3, '2025-05-22 13:38:51', 'In'),
	(170, 12, 2, 3, '2025-05-22 13:38:51', 'In'),
	(171, 12, 8, 3, '2025-05-22 13:38:51', 'In'),
	(172, 14, 2, 3, '2025-05-22 13:38:51', 'In'),
	(173, 14, 3, 3, '2025-05-22 13:38:51', 'In'),
	(174, 14, 7, 3, '2025-05-22 13:38:51', 'In'),
	(175, 16, 1, 3, '2025-05-22 13:38:51', 'In'),
	(176, 16, 3, 3, '2025-05-22 13:38:51', 'In'),
	(177, 16, 6, 3, '2025-05-22 13:38:51', 'In'),
	(178, 16, 7, 3, '2025-05-22 13:38:51', 'In'),
	(179, 18, 1, 3, '2025-05-22 13:38:51', 'In'),
	(180, 18, 8, 3, '2025-05-22 13:38:51', 'In'),
	(181, 20, 1, 3, '2025-05-22 13:38:51', 'In'),
	(182, 20, 3, 3, '2025-05-22 13:38:51', 'In'),
	(183, 20, 6, 3, '2025-05-22 13:38:51', 'In'),
	(184, 20, 7, 3, '2025-05-22 13:38:51', 'In'),
	(185, 20, 8, 3, '2025-05-22 13:38:51', 'In'),
	(186, 22, 3, 3, '2025-05-22 13:38:51', 'In'),
	(187, 22, 6, 3, '2025-05-22 13:38:51', 'In'),
	(188, 24, 1, 3, '2025-05-22 13:38:51', 'In'),
	(189, 24, 2, 3, '2025-05-22 13:38:51', 'In'),
	(190, 24, 3, 3, '2025-05-22 13:38:51', 'In'),
	(191, 24, 4, 3, '2025-05-22 13:38:51', 'In'),
	(192, 24, 5, 3, '2025-05-22 13:38:51', 'In'),
	(193, 26, 1, 3, '2025-05-22 13:38:51', 'In'),
	(194, 26, 6, 3, '2025-05-22 13:38:51', 'In'),
	(195, 26, 7, 3, '2025-05-22 13:38:51', 'In'),
	(196, 26, 8, 3, '2025-05-22 13:38:51', 'In'),
	(197, 28, 4, 3, '2025-05-22 13:38:51', 'In'),
	(198, 28, 5, 3, '2025-05-22 13:38:51', 'In'),
	(199, 30, 1, 3, '2025-05-22 13:38:51', 'In'),
	(200, 30, 2, 3, '2025-05-22 13:38:51', 'In'),
	(201, 30, 3, 3, '2025-05-22 13:38:51', 'In'),
	(202, 30, 5, 3, '2025-05-22 13:38:51', 'In'),
	(203, 30, 6, 3, '2025-05-22 13:38:51', 'In'),
	(204, 30, 8, 3, '2025-05-22 13:38:51', 'In'),
	(205, 32, 1, 3, '2025-05-22 13:38:51', 'In'),
	(206, 32, 8, 3, '2025-05-22 13:38:51', 'In'),
	(207, 2, 1, 14, '2025-05-22 13:45:29', 'In'),
	(208, 2, 2, 14, '2025-05-22 13:45:29', 'In'),
	(209, 2, 4, 14, '2025-05-22 13:45:29', 'In'),
	(210, 2, 5, 14, '2025-05-22 13:45:29', 'In'),
	(211, 2, 7, 14, '2025-05-22 13:45:29', 'In'),
	(212, 2, 8, 14, '2025-05-22 13:45:29', 'In'),
	(213, 8, 4, 14, '2025-05-22 13:45:29', 'In'),
	(214, 8, 5, 14, '2025-05-22 13:45:29', 'In'),
	(215, 8, 8, 14, '2025-05-22 13:45:29', 'In'),
	(216, 9, 4, 14, '2025-05-22 13:45:29', 'In'),
	(217, 9, 5, 14, '2025-05-22 13:45:29', 'In'),
	(218, 13, 2, 14, '2025-05-22 13:45:29', 'In'),
	(219, 13, 4, 14, '2025-05-22 13:45:29', 'In'),
	(220, 13, 7, 14, '2025-05-22 13:45:29', 'In'),
	(221, 15, 1, 14, '2025-05-22 13:45:29', 'In'),
	(222, 15, 3, 14, '2025-05-22 13:45:29', 'In'),
	(223, 15, 6, 14, '2025-05-22 13:45:29', 'In'),
	(224, 20, 1, 14, '2025-05-22 13:45:29', 'In'),
	(225, 20, 3, 14, '2025-05-22 13:45:29', 'In'),
	(226, 20, 6, 14, '2025-05-22 13:45:29', 'In'),
	(227, 20, 7, 14, '2025-05-22 13:45:29', 'In'),
	(228, 20, 8, 14, '2025-05-22 13:45:29', 'In'),
	(229, 21, 2, 14, '2025-05-22 13:45:29', 'In'),
	(230, 21, 4, 14, '2025-05-22 13:45:29', 'In'),
	(231, 21, 5, 14, '2025-05-22 13:45:29', 'In'),
	(232, 21, 7, 14, '2025-05-22 13:45:29', 'In'),
	(233, 22, 3, 14, '2025-05-22 13:45:29', 'In'),
	(234, 22, 6, 14, '2025-05-22 13:45:29', 'In'),
	(235, 25, 6, 14, '2025-05-22 13:45:29', 'In'),
	(236, 25, 7, 14, '2025-05-22 13:45:29', 'In'),
	(237, 25, 8, 14, '2025-05-22 13:45:29', 'In'),
	(238, 25, 2, 14, '2025-05-22 13:45:29', 'In'),
	(239, 25, 5, 14, '2025-05-22 13:45:29', 'In'),
	(240, 25, 8, 14, '2025-05-22 13:45:29', 'In'),
	(241, 26, 1, 14, '2025-05-22 13:45:29', 'In'),
	(242, 26, 6, 14, '2025-05-22 13:45:29', 'In'),
	(243, 26, 7, 14, '2025-05-22 13:45:29', 'In'),
	(244, 26, 8, 14, '2025-05-22 13:45:29', 'In'),
	(245, 27, 2, 14, '2025-05-22 13:45:29', 'In'),
	(246, 27, 5, 14, '2025-05-22 13:45:29', 'In'),
	(247, 30, 1, 14, '2025-05-22 13:45:29', 'In'),
	(248, 30, 2, 14, '2025-05-22 13:45:29', 'In'),
	(249, 30, 3, 14, '2025-05-22 13:45:29', 'In'),
	(250, 30, 5, 14, '2025-05-22 13:45:29', 'In'),
	(251, 30, 6, 14, '2025-05-22 13:45:29', 'In'),
	(252, 30, 8, 14, '2025-05-22 13:45:29', 'In'),
	(253, 14, 2, 15, '2025-05-26 13:37:56', 'In'),
	(254, 14, 3, 15, '2025-05-26 13:37:56', 'In'),
	(255, 14, 7, 15, '2025-05-26 13:37:56', 'In'),
	(256, 15, 1, 15, '2025-05-26 13:37:56', 'In'),
	(257, 15, 3, 15, '2025-05-26 13:37:56', 'In'),
	(258, 15, 6, 15, '2025-05-26 13:37:56', 'In'),
	(259, 1, 1, 10, '2025-06-02 15:25:25', 'In'),
	(260, 1, 2, 10, '2025-06-02 15:25:25', 'In'),
	(261, 1, 3, 10, '2025-06-02 15:25:25', 'In'),
	(262, 1, 4, 10, '2025-06-02 15:25:25', 'In'),
	(263, 1, 6, 10, '2025-06-02 15:25:25', 'In'),
	(264, 1, 7, 10, '2025-06-02 15:25:25', 'In'),
	(265, 1, 8, 10, '2025-06-02 15:25:25', 'In'),
	(266, 2, 1, 10, '2025-06-02 15:25:25', 'In'),
	(267, 2, 2, 10, '2025-06-02 15:25:25', 'In'),
	(268, 2, 4, 10, '2025-06-02 15:25:25', 'In'),
	(269, 2, 5, 10, '2025-06-02 15:25:25', 'In'),
	(270, 2, 7, 10, '2025-06-02 15:25:25', 'In'),
	(271, 2, 8, 10, '2025-06-02 15:25:25', 'In'),
	(272, 3, 8, 10, '2025-06-02 15:25:25', 'In'),
	(273, 7, 4, 10, '2025-06-02 15:25:25', 'In'),
	(274, 7, 5, 10, '2025-06-02 15:25:25', 'In'),
	(275, 8, 4, 10, '2025-06-02 15:25:25', 'In'),
	(276, 8, 5, 10, '2025-06-02 15:25:25', 'In'),
	(277, 8, 8, 10, '2025-06-02 15:25:25', 'In'),
	(278, 10, 2, 10, '2025-06-02 15:25:25', 'In'),
	(279, 10, 4, 10, '2025-06-02 15:25:25', 'In'),
	(280, 10, 7, 10, '2025-06-02 15:25:25', 'In'),
	(281, 11, 1, 10, '2025-06-02 15:25:25', 'In'),
	(282, 11, 3, 10, '2025-06-02 15:25:25', 'In'),
	(283, 11, 6, 10, '2025-06-02 15:25:25', 'In'),
	(284, 11, 7, 10, '2025-06-02 15:25:25', 'In'),
	(285, 12, 1, 10, '2025-06-02 15:25:25', 'In'),
	(286, 12, 2, 10, '2025-06-02 15:25:25', 'In'),
	(287, 12, 8, 10, '2025-06-02 15:25:25', 'In'),
	(288, 15, 1, 10, '2025-06-02 15:25:25', 'In'),
	(289, 15, 3, 10, '2025-06-02 15:25:25', 'In'),
	(290, 15, 6, 10, '2025-06-02 15:25:25', 'In'),
	(291, 16, 1, 10, '2025-06-02 15:25:25', 'In'),
	(292, 16, 3, 10, '2025-06-02 15:25:25', 'In'),
	(293, 16, 6, 10, '2025-06-02 15:25:25', 'In'),
	(294, 16, 7, 10, '2025-06-02 15:25:25', 'In'),
	(295, 17, 1, 10, '2025-06-02 15:25:25', 'In'),
	(296, 17, 2, 10, '2025-06-02 15:25:25', 'In'),
	(297, 17, 4, 10, '2025-06-02 15:25:25', 'In'),
	(298, 17, 7, 10, '2025-06-02 15:25:25', 'In'),
	(299, 18, 1, 10, '2025-06-02 15:25:25', 'In'),
	(300, 18, 8, 10, '2025-06-02 15:25:25', 'In'),
	(301, 19, 5, 10, '2025-06-02 15:25:25', 'In'),
	(302, 19, 8, 10, '2025-06-02 15:25:25', 'In'),
	(303, 20, 1, 10, '2025-06-02 15:25:25', 'In'),
	(304, 20, 3, 10, '2025-06-02 15:25:25', 'In'),
	(305, 20, 6, 10, '2025-06-02 15:25:25', 'In'),
	(306, 20, 7, 10, '2025-06-02 15:25:25', 'In'),
	(307, 20, 8, 10, '2025-06-02 15:25:25', 'In'),
	(308, 21, 2, 10, '2025-06-02 15:25:25', 'In'),
	(309, 21, 4, 10, '2025-06-02 15:25:25', 'In'),
	(310, 21, 5, 10, '2025-06-02 15:25:25', 'In'),
	(311, 21, 7, 10, '2025-06-02 15:25:25', 'In'),
	(312, 23, 3, 10, '2025-06-02 15:25:25', 'In'),
	(313, 23, 6, 10, '2025-06-02 15:25:25', 'In'),
	(314, 25, 6, 10, '2025-06-02 15:25:25', 'In'),
	(315, 25, 7, 10, '2025-06-02 15:25:25', 'In'),
	(316, 25, 8, 10, '2025-06-02 15:25:25', 'In'),
	(317, 25, 2, 10, '2025-06-02 15:25:25', 'In'),
	(318, 25, 5, 10, '2025-06-02 15:25:25', 'In'),
	(319, 25, 8, 10, '2025-06-02 15:25:25', 'In'),
	(320, 26, 1, 10, '2025-06-02 15:25:25', 'In'),
	(321, 26, 6, 10, '2025-06-02 15:25:25', 'In'),
	(322, 26, 7, 10, '2025-06-02 15:25:25', 'In'),
	(323, 26, 8, 10, '2025-06-02 15:25:25', 'In'),
	(324, 27, 2, 10, '2025-06-02 15:25:25', 'In'),
	(325, 27, 5, 10, '2025-06-02 15:25:25', 'In'),
	(326, 28, 4, 10, '2025-06-02 15:25:25', 'In'),
	(327, 28, 5, 10, '2025-06-02 15:25:25', 'In'),
	(328, 30, 1, 10, '2025-06-02 15:25:25', 'In'),
	(329, 30, 2, 10, '2025-06-02 15:25:25', 'In'),
	(330, 30, 3, 10, '2025-06-02 15:25:25', 'In'),
	(331, 30, 5, 10, '2025-06-02 15:25:25', 'In'),
	(332, 30, 6, 10, '2025-06-02 15:25:25', 'In'),
	(333, 30, 8, 10, '2025-06-02 15:25:25', 'In'),
	(334, 31, 2, 10, '2025-06-02 15:25:25', 'In'),
	(335, 31, 3, 10, '2025-06-02 15:25:25', 'In'),
	(336, 31, 4, 10, '2025-06-02 15:25:25', 'In'),
	(337, 31, 5, 10, '2025-06-02 15:25:25', 'In'),
	(338, 31, 6, 10, '2025-06-02 15:25:25', 'In'),
	(339, 32, 1, 10, '2025-06-02 15:25:25', 'In'),
	(340, 32, 8, 10, '2025-06-02 15:25:25', 'In'),
	(341, 3, 8, 24, '2025-06-02 15:52:29', 'In'),
	(342, 10, 2, 24, '2025-06-02 15:52:29', 'In'),
	(343, 10, 4, 24, '2025-06-02 15:52:29', 'In'),
	(344, 10, 7, 24, '2025-06-02 15:52:29', 'In'),
	(345, 11, 1, 24, '2025-06-02 15:52:29', 'In'),
	(346, 11, 3, 24, '2025-06-02 15:52:29', 'In'),
	(347, 11, 6, 24, '2025-06-02 15:52:29', 'In'),
	(348, 11, 7, 24, '2025-06-02 15:52:29', 'In'),
	(349, 12, 1, 24, '2025-06-02 15:52:29', 'In'),
	(350, 12, 2, 24, '2025-06-02 15:52:29', 'In'),
	(351, 12, 8, 24, '2025-06-02 15:52:29', 'In'),
	(352, 13, 2, 24, '2025-06-02 15:52:29', 'In'),
	(353, 13, 4, 24, '2025-06-02 15:52:29', 'In'),
	(354, 13, 7, 24, '2025-06-02 15:52:29', 'In'),
	(355, 14, 2, 24, '2025-06-02 15:52:29', 'In'),
	(356, 14, 3, 24, '2025-06-02 15:52:29', 'In'),
	(357, 14, 7, 24, '2025-06-02 15:52:29', 'In'),
	(358, 15, 1, 24, '2025-06-02 15:52:29', 'In'),
	(359, 15, 3, 24, '2025-06-02 15:52:29', 'In'),
	(360, 15, 6, 24, '2025-06-02 15:52:29', 'In'),
	(361, 16, 1, 24, '2025-06-02 15:52:29', 'In'),
	(362, 16, 3, 24, '2025-06-02 15:52:29', 'In'),
	(363, 16, 6, 24, '2025-06-02 15:52:29', 'In'),
	(364, 16, 7, 24, '2025-06-02 15:52:29', 'In'),
	(365, 17, 1, 24, '2025-06-02 15:52:29', 'In'),
	(366, 17, 2, 24, '2025-06-02 15:52:29', 'In'),
	(367, 17, 4, 24, '2025-06-02 15:52:29', 'In'),
	(368, 17, 7, 24, '2025-06-02 15:52:29', 'In'),
	(369, 21, 2, 24, '2025-06-02 15:52:29', 'In'),
	(370, 21, 4, 24, '2025-06-02 15:52:29', 'In'),
	(371, 21, 5, 24, '2025-06-02 15:52:29', 'In'),
	(372, 21, 7, 24, '2025-06-02 15:52:29', 'In'),
	(373, 25, 6, 24, '2025-06-02 15:52:29', 'In'),
	(374, 25, 7, 24, '2025-06-02 15:52:29', 'In'),
	(375, 25, 8, 24, '2025-06-02 15:52:29', 'In'),
	(376, 25, 2, 24, '2025-06-02 15:52:29', 'In'),
	(377, 25, 5, 24, '2025-06-02 15:52:29', 'In'),
	(378, 25, 8, 24, '2025-06-02 15:52:29', 'In'),
	(379, 26, 1, 24, '2025-06-02 15:52:29', 'In'),
	(380, 26, 6, 24, '2025-06-02 15:52:29', 'In'),
	(381, 26, 7, 24, '2025-06-02 15:52:29', 'In'),
	(382, 26, 8, 24, '2025-06-02 15:52:29', 'In'),
	(383, 29, 1, 24, '2025-06-02 15:52:29', 'In'),
	(384, 29, 2, 24, '2025-06-02 15:52:29', 'In'),
	(385, 29, 3, 24, '2025-06-02 15:52:29', 'In'),
	(386, 29, 4, 24, '2025-06-02 15:52:29', 'In'),
	(387, 29, 5, 24, '2025-06-02 15:52:29', 'In'),
	(388, 29, 6, 24, '2025-06-02 15:52:29', 'In'),
	(389, 29, 7, 24, '2025-06-02 15:52:29', 'In'),
	(390, 29, 8, 24, '2025-06-02 15:52:29', 'In'),
	(391, 32, 1, 24, '2025-06-02 15:52:29', 'In'),
	(392, 32, 8, 24, '2025-06-02 15:52:29', 'In'),
	(393, 1, 1, 11, '2025-06-03 15:43:25', 'In'),
	(394, 1, 2, 11, '2025-06-03 15:43:25', 'In'),
	(395, 1, 3, 11, '2025-06-03 15:43:25', 'In'),
	(396, 1, 4, 11, '2025-06-03 15:43:25', 'In'),
	(397, 1, 6, 11, '2025-06-03 15:43:25', 'In'),
	(398, 1, 7, 11, '2025-06-03 15:43:25', 'In'),
	(399, 1, 8, 11, '2025-06-03 15:43:25', 'In'),
	(400, 2, 1, 11, '2025-06-03 15:43:25', 'In'),
	(401, 2, 2, 11, '2025-06-03 15:43:25', 'In'),
	(402, 2, 4, 11, '2025-06-03 15:43:25', 'In'),
	(403, 2, 5, 11, '2025-06-03 15:43:25', 'In'),
	(404, 2, 7, 11, '2025-06-03 15:43:25', 'In'),
	(405, 2, 8, 11, '2025-06-03 15:43:25', 'In'),
	(406, 7, 4, 11, '2025-06-03 15:43:25', 'In'),
	(407, 7, 5, 11, '2025-06-03 15:43:25', 'In'),
	(408, 21, 2, 11, '2025-06-03 15:43:25', 'In'),
	(409, 21, 4, 11, '2025-06-03 15:43:25', 'In'),
	(410, 21, 5, 11, '2025-06-03 15:43:25', 'In'),
	(411, 21, 7, 11, '2025-06-03 15:43:25', 'In'),
	(412, 25, 6, 11, '2025-06-03 15:43:25', 'In'),
	(413, 25, 7, 11, '2025-06-03 15:43:25', 'In'),
	(414, 25, 8, 11, '2025-06-03 15:43:25', 'In'),
	(415, 25, 2, 11, '2025-06-03 15:43:25', 'In'),
	(416, 25, 5, 11, '2025-06-03 15:43:25', 'In'),
	(417, 25, 8, 11, '2025-06-03 15:43:25', 'In'),
	(418, 29, 1, 11, '2025-06-03 15:43:25', 'In'),
	(419, 29, 2, 11, '2025-06-03 15:43:25', 'In'),
	(420, 29, 3, 11, '2025-06-03 15:43:25', 'In'),
	(421, 29, 4, 11, '2025-06-03 15:43:25', 'In'),
	(422, 29, 5, 11, '2025-06-03 15:43:25', 'In'),
	(423, 29, 6, 11, '2025-06-03 15:43:25', 'In'),
	(424, 29, 7, 11, '2025-06-03 15:43:25', 'In'),
	(425, 29, 8, 11, '2025-06-03 15:43:25', 'In'),
	(426, 2, 1, 21, '2025-06-05 12:53:03', 'In'),
	(427, 2, 2, 21, '2025-06-05 12:53:03', 'In'),
	(428, 2, 4, 21, '2025-06-05 12:53:03', 'In'),
	(429, 2, 5, 21, '2025-06-05 12:53:03', 'In'),
	(430, 2, 7, 21, '2025-06-05 12:53:03', 'In'),
	(431, 2, 8, 21, '2025-06-05 12:53:03', 'In'),
	(432, 11, 1, 21, '2025-06-05 12:53:03', 'In'),
	(433, 11, 3, 21, '2025-06-05 12:53:03', 'In'),
	(434, 11, 6, 21, '2025-06-05 12:53:03', 'In'),
	(435, 11, 7, 21, '2025-06-05 12:53:03', 'In'),
	(436, 12, 1, 21, '2025-06-05 12:53:03', 'In'),
	(437, 12, 2, 21, '2025-06-05 12:53:03', 'In'),
	(438, 12, 8, 21, '2025-06-05 12:53:03', 'In'),
	(439, 21, 2, 21, '2025-06-05 12:53:03', 'In'),
	(440, 21, 4, 21, '2025-06-05 12:53:03', 'In'),
	(441, 21, 5, 21, '2025-06-05 12:53:03', 'In'),
	(442, 21, 7, 21, '2025-06-05 12:53:03', 'In'),
	(443, 22, 3, 21, '2025-06-05 12:53:03', 'In'),
	(444, 22, 6, 21, '2025-06-05 12:53:03', 'In'),
	(445, 28, 4, 21, '2025-06-05 12:53:03', 'In'),
	(446, 28, 5, 21, '2025-06-05 12:53:03', 'In');

-- Copiando estrutura para tabela sap_tea.result_eixo_int_socio
CREATE TABLE IF NOT EXISTS `result_eixo_int_socio` (
  `id_result_eixo_int_socio` int(11) NOT NULL AUTO_INCREMENT,
  `fk_hab_pro_int_socio` int(11) DEFAULT NULL,
  `fk_id_pro_int_socio` int(11) DEFAULT NULL,
  `fk_result_alu_id_int_socio` int(11) DEFAULT NULL,
  `date_cadastro` datetime DEFAULT CURRENT_TIMESTAMP,
  `tipo_fase_int_socio` char(2) COLLATE utf8mb4_unicode_ci DEFAULT NULL,
  PRIMARY KEY (`id_result_eixo_int_socio`)
) ENGINE=InnoDB AUTO_INCREMENT=246 DEFAULT CHARSET=utf8mb4 COLLATE=utf8mb4_unicode_ci;

-- Copiando dados para a tabela sap_tea.result_eixo_int_socio: ~220 rows (aproximadamente)
INSERT INTO `result_eixo_int_socio` (`id_result_eixo_int_socio`, `fk_hab_pro_int_socio`, `fk_id_pro_int_socio`, `fk_result_alu_id_int_socio`, `date_cadastro`, `tipo_fase_int_socio`) VALUES
	(1, 7, 1, 6, '2025-05-22 13:26:53', 'In'),
	(2, 7, 2, 6, '2025-05-22 13:26:53', 'In'),
	(3, 7, 3, 6, '2025-05-22 13:26:53', 'In'),
	(4, 7, 4, 6, '2025-05-22 13:26:53', 'In'),
	(5, 7, 5, 6, '2025-05-22 13:26:53', 'In'),
	(6, 7, 6, 6, '2025-05-22 13:26:53', 'In'),
	(7, 9, 1, 6, '2025-05-22 13:26:53', 'In'),
	(8, 9, 3, 6, '2025-05-22 13:26:53', 'In'),
	(9, 9, 4, 6, '2025-05-22 13:26:53', 'In'),
	(10, 9, 5, 6, '2025-05-22 13:26:53', 'In'),
	(11, 18, 1, 6, '2025-05-22 13:26:53', 'In'),
	(12, 18, 2, 6, '2025-05-22 13:26:53', 'In'),
	(13, 18, 4, 6, '2025-05-22 13:26:53', 'In'),
	(14, 1, 5, 22, '2025-05-22 13:37:53', 'In'),
	(15, 1, 6, 22, '2025-05-22 13:37:53', 'In'),
	(16, 2, 5, 22, '2025-05-22 13:37:53', 'In'),
	(17, 2, 6, 22, '2025-05-22 13:37:53', 'In'),
	(18, 3, 1, 22, '2025-05-22 13:37:53', 'In'),
	(19, 3, 3, 22, '2025-05-22 13:37:53', 'In'),
	(20, 3, 4, 22, '2025-05-22 13:37:53', 'In'),
	(21, 3, 5, 22, '2025-05-22 13:37:53', 'In'),
	(22, 3, 6, 22, '2025-05-22 13:37:53', 'In'),
	(23, 4, 4, 22, '2025-05-22 13:37:53', 'In'),
	(24, 4, 5, 22, '2025-05-22 13:37:53', 'In'),
	(25, 4, 6, 22, '2025-05-22 13:37:53', 'In'),
	(26, 5, 1, 22, '2025-05-22 13:37:53', 'In'),
	(27, 5, 3, 22, '2025-05-22 13:37:53', 'In'),
	(28, 5, 4, 22, '2025-05-22 13:37:53', 'In'),
	(29, 5, 6, 22, '2025-05-22 13:37:53', 'In'),
	(30, 6, 2, 22, '2025-05-22 13:37:53', 'In'),
	(31, 6, 4, 22, '2025-05-22 13:37:53', 'In'),
	(32, 6, 5, 22, '2025-05-22 13:37:53', 'In'),
	(33, 7, 1, 22, '2025-05-22 13:37:53', 'In'),
	(34, 7, 2, 22, '2025-05-22 13:37:53', 'In'),
	(35, 7, 3, 22, '2025-05-22 13:37:53', 'In'),
	(36, 7, 4, 22, '2025-05-22 13:37:53', 'In'),
	(37, 7, 5, 22, '2025-05-22 13:37:53', 'In'),
	(38, 7, 6, 22, '2025-05-22 13:37:53', 'In'),
	(39, 8, 1, 22, '2025-05-22 13:37:53', 'In'),
	(40, 8, 3, 22, '2025-05-22 13:37:53', 'In'),
	(41, 9, 1, 22, '2025-05-22 13:37:53', 'In'),
	(42, 9, 3, 22, '2025-05-22 13:37:53', 'In'),
	(43, 9, 4, 22, '2025-05-22 13:37:53', 'In'),
	(44, 9, 5, 22, '2025-05-22 13:37:53', 'In'),
	(45, 10, 2, 22, '2025-05-22 13:37:53', 'In'),
	(46, 10, 3, 22, '2025-05-22 13:37:53', 'In'),
	(47, 10, 4, 22, '2025-05-22 13:37:53', 'In'),
	(48, 10, 5, 22, '2025-05-22 13:37:53', 'In'),
	(49, 10, 6, 22, '2025-05-22 13:37:53', 'In'),
	(50, 11, 1, 22, '2025-05-22 13:37:53', 'In'),
	(51, 11, 2, 22, '2025-05-22 13:37:53', 'In'),
	(52, 11, 3, 22, '2025-05-22 13:37:53', 'In'),
	(53, 11, 4, 22, '2025-05-22 13:37:53', 'In'),
	(54, 11, 5, 22, '2025-05-22 13:37:53', 'In'),
	(55, 11, 6, 22, '2025-05-22 13:37:53', 'In'),
	(56, 12, 1, 22, '2025-05-22 13:37:53', 'In'),
	(57, 12, 2, 22, '2025-05-22 13:37:53', 'In'),
	(58, 12, 3, 22, '2025-05-22 13:37:53', 'In'),
	(59, 12, 4, 22, '2025-05-22 13:37:53', 'In'),
	(60, 13, 1, 22, '2025-05-22 13:37:53', 'In'),
	(61, 13, 2, 22, '2025-05-22 13:37:53', 'In'),
	(62, 13, 3, 22, '2025-05-22 13:37:53', 'In'),
	(63, 14, 1, 22, '2025-05-22 13:37:53', 'In'),
	(64, 14, 2, 22, '2025-05-22 13:37:53', 'In'),
	(65, 14, 4, 22, '2025-05-22 13:37:53', 'In'),
	(66, 14, 5, 22, '2025-05-22 13:37:53', 'In'),
	(67, 14, 6, 22, '2025-05-22 13:37:53', 'In'),
	(68, 15, 3, 22, '2025-05-22 13:37:53', 'In'),
	(69, 15, 6, 22, '2025-05-22 13:37:53', 'In'),
	(70, 16, 5, 22, '2025-05-22 13:37:53', 'In'),
	(71, 16, 6, 22, '2025-05-22 13:37:53', 'In'),
	(72, 17, 1, 22, '2025-05-22 13:37:53', 'In'),
	(73, 17, 2, 22, '2025-05-22 13:37:53', 'In'),
	(74, 17, 4, 22, '2025-05-22 13:37:53', 'In'),
	(75, 17, 5, 22, '2025-05-22 13:37:53', 'In'),
	(76, 17, 6, 22, '2025-05-22 13:37:53', 'In'),
	(77, 18, 1, 22, '2025-05-22 13:37:53', 'In'),
	(78, 18, 2, 22, '2025-05-22 13:37:53', 'In'),
	(79, 18, 4, 22, '2025-05-22 13:37:53', 'In'),
	(80, 1, 5, 3, '2025-05-22 13:38:52', 'In'),
	(81, 1, 6, 3, '2025-05-22 13:38:52', 'In'),
	(82, 3, 1, 3, '2025-05-22 13:38:52', 'In'),
	(83, 3, 3, 3, '2025-05-22 13:38:52', 'In'),
	(84, 3, 4, 3, '2025-05-22 13:38:52', 'In'),
	(85, 3, 5, 3, '2025-05-22 13:38:52', 'In'),
	(86, 3, 6, 3, '2025-05-22 13:38:52', 'In'),
	(87, 5, 1, 3, '2025-05-22 13:38:52', 'In'),
	(88, 5, 3, 3, '2025-05-22 13:38:52', 'In'),
	(89, 5, 4, 3, '2025-05-22 13:38:52', 'In'),
	(90, 5, 6, 3, '2025-05-22 13:38:52', 'In'),
	(91, 7, 1, 3, '2025-05-22 13:38:52', 'In'),
	(92, 7, 2, 3, '2025-05-22 13:38:52', 'In'),
	(93, 7, 3, 3, '2025-05-22 13:38:52', 'In'),
	(94, 7, 4, 3, '2025-05-22 13:38:52', 'In'),
	(95, 7, 5, 3, '2025-05-22 13:38:52', 'In'),
	(96, 7, 6, 3, '2025-05-22 13:38:52', 'In'),
	(97, 9, 1, 3, '2025-05-22 13:38:52', 'In'),
	(98, 9, 3, 3, '2025-05-22 13:38:52', 'In'),
	(99, 9, 4, 3, '2025-05-22 13:38:52', 'In'),
	(100, 9, 5, 3, '2025-05-22 13:38:52', 'In'),
	(101, 11, 1, 3, '2025-05-22 13:38:52', 'In'),
	(102, 11, 2, 3, '2025-05-22 13:38:52', 'In'),
	(103, 11, 3, 3, '2025-05-22 13:38:52', 'In'),
	(104, 11, 4, 3, '2025-05-22 13:38:52', 'In'),
	(105, 11, 5, 3, '2025-05-22 13:38:52', 'In'),
	(106, 11, 6, 3, '2025-05-22 13:38:52', 'In'),
	(107, 13, 1, 3, '2025-05-22 13:38:52', 'In'),
	(108, 13, 2, 3, '2025-05-22 13:38:52', 'In'),
	(109, 13, 3, 3, '2025-05-22 13:38:52', 'In'),
	(110, 15, 3, 3, '2025-05-22 13:38:52', 'In'),
	(111, 15, 6, 3, '2025-05-22 13:38:52', 'In'),
	(112, 17, 1, 3, '2025-05-22 13:38:52', 'In'),
	(113, 17, 2, 3, '2025-05-22 13:38:52', 'In'),
	(114, 17, 4, 3, '2025-05-22 13:38:52', 'In'),
	(115, 17, 5, 3, '2025-05-22 13:38:52', 'In'),
	(116, 17, 6, 3, '2025-05-22 13:38:52', 'In'),
	(117, 1, 5, 14, '2025-05-22 13:45:29', 'In'),
	(118, 1, 6, 14, '2025-05-22 13:45:29', 'In'),
	(119, 4, 4, 14, '2025-05-22 13:45:29', 'In'),
	(120, 4, 5, 14, '2025-05-22 13:45:29', 'In'),
	(121, 4, 6, 14, '2025-05-22 13:45:29', 'In'),
	(122, 8, 1, 14, '2025-05-22 13:45:29', 'In'),
	(123, 8, 3, 14, '2025-05-22 13:45:29', 'In'),
	(124, 9, 1, 14, '2025-05-22 13:45:29', 'In'),
	(125, 9, 3, 14, '2025-05-22 13:45:29', 'In'),
	(126, 9, 4, 14, '2025-05-22 13:45:29', 'In'),
	(127, 9, 5, 14, '2025-05-22 13:45:29', 'In'),
	(128, 10, 2, 14, '2025-05-22 13:45:29', 'In'),
	(129, 10, 3, 14, '2025-05-22 13:45:29', 'In'),
	(130, 10, 4, 14, '2025-05-22 13:45:29', 'In'),
	(131, 10, 5, 14, '2025-05-22 13:45:29', 'In'),
	(132, 10, 6, 14, '2025-05-22 13:45:29', 'In'),
	(133, 12, 1, 14, '2025-05-22 13:45:29', 'In'),
	(134, 12, 2, 14, '2025-05-22 13:45:29', 'In'),
	(135, 12, 3, 14, '2025-05-22 13:45:29', 'In'),
	(136, 12, 4, 14, '2025-05-22 13:45:29', 'In'),
	(137, 13, 1, 14, '2025-05-22 13:45:29', 'In'),
	(138, 13, 2, 14, '2025-05-22 13:45:29', 'In'),
	(139, 13, 3, 14, '2025-05-22 13:45:29', 'In'),
	(140, 14, 1, 14, '2025-05-22 13:45:29', 'In'),
	(141, 14, 2, 14, '2025-05-22 13:45:29', 'In'),
	(142, 14, 4, 14, '2025-05-22 13:45:29', 'In'),
	(143, 14, 5, 14, '2025-05-22 13:45:29', 'In'),
	(144, 14, 6, 14, '2025-05-22 13:45:29', 'In'),
	(145, 17, 1, 14, '2025-05-22 13:45:29', 'In'),
	(146, 17, 2, 14, '2025-05-22 13:45:29', 'In'),
	(147, 17, 4, 14, '2025-05-22 13:45:29', 'In'),
	(148, 17, 5, 14, '2025-05-22 13:45:29', 'In'),
	(149, 17, 6, 14, '2025-05-22 13:45:29', 'In'),
	(150, 18, 1, 14, '2025-05-22 13:45:29', 'In'),
	(151, 18, 2, 14, '2025-05-22 13:45:29', 'In'),
	(152, 18, 4, 14, '2025-05-22 13:45:29', 'In'),
	(153, 1, 5, 15, '2025-05-26 13:37:58', 'In'),
	(154, 1, 6, 15, '2025-05-26 13:37:58', 'In'),
	(155, 4, 4, 15, '2025-05-26 13:37:58', 'In'),
	(156, 4, 5, 15, '2025-05-26 13:37:58', 'In'),
	(157, 4, 6, 15, '2025-05-26 13:37:58', 'In'),
	(158, 1, 5, 10, '2025-06-02 15:25:26', 'In'),
	(159, 1, 6, 10, '2025-06-02 15:25:26', 'In'),
	(160, 2, 5, 10, '2025-06-02 15:25:26', 'In'),
	(161, 2, 6, 10, '2025-06-02 15:25:26', 'In'),
	(162, 3, 1, 10, '2025-06-02 15:25:26', 'In'),
	(163, 3, 3, 10, '2025-06-02 15:25:26', 'In'),
	(164, 3, 4, 10, '2025-06-02 15:25:26', 'In'),
	(165, 3, 5, 10, '2025-06-02 15:25:26', 'In'),
	(166, 3, 6, 10, '2025-06-02 15:25:26', 'In'),
	(167, 4, 4, 10, '2025-06-02 15:25:26', 'In'),
	(168, 4, 5, 10, '2025-06-02 15:25:26', 'In'),
	(169, 4, 6, 10, '2025-06-02 15:25:26', 'In'),
	(170, 5, 1, 10, '2025-06-02 15:25:26', 'In'),
	(171, 5, 3, 10, '2025-06-02 15:25:26', 'In'),
	(172, 5, 4, 10, '2025-06-02 15:25:26', 'In'),
	(173, 5, 6, 10, '2025-06-02 15:25:26', 'In'),
	(174, 8, 1, 10, '2025-06-02 15:25:26', 'In'),
	(175, 8, 3, 10, '2025-06-02 15:25:26', 'In'),
	(176, 10, 2, 10, '2025-06-02 15:25:26', 'In'),
	(177, 10, 3, 10, '2025-06-02 15:25:26', 'In'),
	(178, 10, 4, 10, '2025-06-02 15:25:26', 'In'),
	(179, 10, 5, 10, '2025-06-02 15:25:26', 'In'),
	(180, 10, 6, 10, '2025-06-02 15:25:26', 'In'),
	(181, 12, 1, 10, '2025-06-02 15:25:26', 'In'),
	(182, 12, 2, 10, '2025-06-02 15:25:26', 'In'),
	(183, 12, 3, 10, '2025-06-02 15:25:26', 'In'),
	(184, 12, 4, 10, '2025-06-02 15:25:26', 'In'),
	(185, 13, 1, 10, '2025-06-02 15:25:26', 'In'),
	(186, 13, 2, 10, '2025-06-02 15:25:26', 'In'),
	(187, 13, 3, 10, '2025-06-02 15:25:26', 'In'),
	(188, 15, 3, 10, '2025-06-02 15:25:26', 'In'),
	(189, 15, 6, 10, '2025-06-02 15:25:26', 'In'),
	(190, 16, 5, 10, '2025-06-02 15:25:26', 'In'),
	(191, 16, 6, 10, '2025-06-02 15:25:26', 'In'),
	(192, 17, 1, 10, '2025-06-02 15:25:26', 'In'),
	(193, 17, 2, 10, '2025-06-02 15:25:26', 'In'),
	(194, 17, 4, 10, '2025-06-02 15:25:26', 'In'),
	(195, 17, 5, 10, '2025-06-02 15:25:26', 'In'),
	(196, 17, 6, 10, '2025-06-02 15:25:26', 'In'),
	(197, 3, 1, 24, '2025-06-02 15:52:29', 'In'),
	(198, 3, 3, 24, '2025-06-02 15:52:29', 'In'),
	(199, 3, 4, 24, '2025-06-02 15:52:29', 'In'),
	(200, 3, 5, 24, '2025-06-02 15:52:29', 'In'),
	(201, 3, 6, 24, '2025-06-02 15:52:29', 'In'),
	(202, 5, 1, 24, '2025-06-02 15:52:29', 'In'),
	(203, 5, 3, 24, '2025-06-02 15:52:29', 'In'),
	(204, 5, 4, 24, '2025-06-02 15:52:29', 'In'),
	(205, 5, 6, 24, '2025-06-02 15:52:29', 'In'),
	(206, 7, 1, 24, '2025-06-02 15:52:29', 'In'),
	(207, 7, 2, 24, '2025-06-02 15:52:29', 'In'),
	(208, 7, 3, 24, '2025-06-02 15:52:29', 'In'),
	(209, 7, 4, 24, '2025-06-02 15:52:29', 'In'),
	(210, 7, 5, 24, '2025-06-02 15:52:29', 'In'),
	(211, 7, 6, 24, '2025-06-02 15:52:29', 'In'),
	(212, 8, 1, 24, '2025-06-02 15:52:29', 'In'),
	(213, 8, 3, 24, '2025-06-02 15:52:29', 'In'),
	(214, 12, 1, 24, '2025-06-02 15:52:29', 'In'),
	(215, 12, 2, 24, '2025-06-02 15:52:29', 'In'),
	(216, 12, 3, 24, '2025-06-02 15:52:29', 'In'),
	(217, 12, 4, 24, '2025-06-02 15:52:29', 'In'),
	(218, 13, 1, 24, '2025-06-02 15:52:29', 'In'),
	(219, 13, 2, 24, '2025-06-02 15:52:29', 'In'),
	(220, 13, 3, 24, '2025-06-02 15:52:29', 'In'),
	(221, 1, 5, 11, '2025-06-03 15:43:27', 'In'),
	(222, 1, 6, 11, '2025-06-03 15:43:27', 'In'),
	(223, 12, 1, 11, '2025-06-03 15:43:27', 'In'),
	(224, 12, 2, 11, '2025-06-03 15:43:27', 'In'),
	(225, 12, 3, 11, '2025-06-03 15:43:27', 'In'),
	(226, 12, 4, 11, '2025-06-03 15:43:27', 'In'),
	(227, 13, 1, 11, '2025-06-03 15:43:27', 'In'),
	(228, 13, 2, 11, '2025-06-03 15:43:27', 'In'),
	(229, 13, 3, 11, '2025-06-03 15:43:27', 'In'),
	(230, 1, 5, 21, '2025-06-05 12:53:07', 'In'),
	(231, 1, 6, 21, '2025-06-05 12:53:07', 'In'),
	(232, 8, 1, 21, '2025-06-05 12:53:07', 'In'),
	(233, 8, 3, 21, '2025-06-05 12:53:07', 'In'),
	(234, 9, 1, 21, '2025-06-05 12:53:07', 'In'),
	(235, 9, 3, 21, '2025-06-05 12:53:07', 'In'),
	(236, 9, 4, 21, '2025-06-05 12:53:07', 'In'),
	(237, 9, 5, 21, '2025-06-05 12:53:07', 'In'),
	(238, 17, 1, 21, '2025-06-05 12:53:07', 'In'),
	(239, 17, 2, 21, '2025-06-05 12:53:07', 'In'),
	(240, 17, 4, 21, '2025-06-05 12:53:07', 'In'),
	(241, 17, 5, 21, '2025-06-05 12:53:07', 'In'),
	(242, 17, 6, 21, '2025-06-05 12:53:07', 'In'),
	(243, 18, 1, 21, '2025-06-05 12:53:07', 'In'),
	(244, 18, 2, 21, '2025-06-05 12:53:07', 'In'),
	(245, 18, 4, 21, '2025-06-05 12:53:07', 'In');

-- Copiando estrutura para tabela sap_tea.serie
CREATE TABLE IF NOT EXISTS `serie` (
  `serie_id` int(11) NOT NULL AUTO_INCREMENT,
  `serie_desc` varchar(50) NOT NULL,
  `fk_mod_id` int(11) DEFAULT NULL,
  PRIMARY KEY (`serie_id`)
) ENGINE=InnoDB AUTO_INCREMENT=11 DEFAULT CHARSET=utf8mb4;

-- Copiando dados para a tabela sap_tea.serie: ~10 rows (aproximadamente)
INSERT INTO `serie` (`serie_id`, `serie_desc`, `fk_mod_id`) VALUES
	(1, '1º ANO', 2),
	(2, '2º ANO', 2),
	(3, '3º ANO', 2),
	(4, '4º ANO', 2),
	(5, '5º ANO', 2),
	(6, '6º ANO', 3),
	(7, '7º ANO', 3),
	(8, '8º ANO', 3),
	(9, '9º ANO', 3),
	(10, 'Infantil', 1);

-- Copiando estrutura para tabela sap_tea.sondagem
CREATE TABLE IF NOT EXISTS `sondagem` (
  `id_sondagem` int(11) NOT NULL AUTO_INCREMENT,
  `n_sup01` char(1) DEFAULT NULL,
  `n_sup02` char(1) DEFAULT NULL,
  `n_sup03` char(1) DEFAULT NULL,
  `v_comunicacao` int(11) DEFAULT NULL,
  `fk_id_matricula` int(11) DEFAULT NULL,
  PRIMARY KEY (`id_sondagem`),
  KEY `fk_matricula_sondagem` (`fk_id_matricula`),
  CONSTRAINT `fk_matricula_sondagem` FOREIGN KEY (`fk_id_matricula`) REFERENCES `matricula` (`id_matricula`)
) ENGINE=InnoDB DEFAULT CHARSET=utf8mb4;

-- Copiando dados para a tabela sap_tea.sondagem: ~0 rows (aproximadamente)

-- Copiando estrutura para tabela sap_tea.tipo_funcao
CREATE TABLE IF NOT EXISTS `tipo_funcao` (
  `tipo_funcao_id` bigint(20) unsigned NOT NULL AUTO_INCREMENT,
  `desc_tipo_funcao` varchar(100) COLLATE utf8mb4_unicode_ci NOT NULL,
  `created_at` timestamp NULL DEFAULT CURRENT_TIMESTAMP,
  `updated_at` timestamp NULL DEFAULT CURRENT_TIMESTAMP ON UPDATE CURRENT_TIMESTAMP,
  PRIMARY KEY (`tipo_funcao_id`)
) ENGINE=InnoDB AUTO_INCREMENT=15 DEFAULT CHARSET=utf8mb4 COLLATE=utf8mb4_unicode_ci;

-- Copiando dados para a tabela sap_tea.tipo_funcao: ~15 rows (aproximadamente)
INSERT INTO `tipo_funcao` (`tipo_funcao_id`, `desc_tipo_funcao`, `created_at`, `updated_at`) VALUES
	(1, 'Administrador', '2025-05-07 04:16:23', '2025-05-07 04:16:23'),
	(2, 'Diretor(a) / Gestor(a) Escolar', '2025-05-07 13:39:53', '2025-05-07 13:39:53'),
	(3, 'Vice Diretor(a) de Escola', '2025-05-07 13:39:53', '2025-05-07 13:39:53'),
	(4, 'Coordenador(a)', '2025-05-07 13:39:53', '2025-05-07 13:39:53'),
	(5, 'Supervisor(a) Escolar', '2025-05-07 13:39:53', '2025-05-07 13:39:53'),
	(6, 'Professor(a)', '2025-05-07 13:39:53', '2025-05-07 13:39:53'),
	(7, 'Professor(a) AEE', '2025-05-07 13:39:53', '2025-05-07 13:39:53'),
	(8, 'Psicopedagogo(a)', '2025-05-07 13:39:53', '2025-05-07 13:39:53'),
	(9, 'Terapeuta Ocupacional', '2025-05-07 13:39:53', '2025-05-07 13:39:53'),
	(10, 'Psicologo(a)', '2025-05-07 13:39:53', '2025-05-07 13:39:53'),
	(11, 'Fonoaudiólogo(a)', '2025-05-07 13:39:53', '2025-05-07 13:39:53'),
	(12, 'Coordenador(a) AEE', '2025-05-07 13:39:53', '2025-05-07 13:39:53'),
	(13, 'Professor(a) Regular / Especialista', '2025-05-07 13:39:53', '2025-05-07 13:39:53'),
	(14, 'Administrador', '2025-05-16 22:54:14', '2025-05-16 22:54:14');

-- Copiando estrutura para tabela sap_tea.tipo_modalidade
CREATE TABLE IF NOT EXISTS `tipo_modalidade` (
  `id_tipo_modalidade` int(11) NOT NULL AUTO_INCREMENT,
  `desc_modalidade` varchar(250) COLLATE utf8mb4_unicode_ci DEFAULT NULL,
  PRIMARY KEY (`id_tipo_modalidade`)
) ENGINE=InnoDB AUTO_INCREMENT=12 DEFAULT CHARSET=utf8mb4 COLLATE=utf8mb4_unicode_ci;

-- Copiando dados para a tabela sap_tea.tipo_modalidade: ~11 rows (aproximadamente)
INSERT INTO `tipo_modalidade` (`id_tipo_modalidade`, `desc_modalidade`) VALUES
	(1, 'Ensino Infantil'),
	(2, 'Anos Iniciais 1° Ano'),
	(3, 'Anos Iniciais 2° Ano'),
	(4, 'Anos Iniciais 3° Ano'),
	(5, 'Anos Iniciais 4° Ano'),
	(6, 'Anos Iniciais 5° Ano'),
	(7, 'Anos Finais 6° Ano'),
	(8, 'Anos Finais 7° Ano'),
	(9, 'Anos Finais 8° Ano'),
	(10, 'Anos Finais 9° Ano'),
	(11, 'Educação Jovens e Adultos EJA');

-- Copiando estrutura para tabela sap_tea.tp_eixo
CREATE TABLE IF NOT EXISTS `tp_eixo` (
  `id_tpeixo` int(11) NOT NULL AUTO_INCREMENT,
  `desc_tpeixo` varchar(200) NOT NULL,
  PRIMARY KEY (`id_tpeixo`)
) ENGINE=InnoDB AUTO_INCREMENT=4 DEFAULT CHARSET=utf8mb4;

-- Copiando dados para a tabela sap_tea.tp_eixo: ~3 rows (aproximadamente)
INSERT INTO `tp_eixo` (`id_tpeixo`, `desc_tpeixo`) VALUES
	(1, 'eixo comunicacão linguagem'),
	(2, 'eixo comportamento'),
	(3, 'eixo interação socioemocional');

-- Copiando estrutura para tabela sap_tea.turma
CREATE TABLE IF NOT EXISTS `turma` (
  `id_turma` int(11) NOT NULL AUTO_INCREMENT,
  `fk_cod_enturmacao` int(11) DEFAULT NULL,
  `fk_cod_func` int(11) DEFAULT NULL,
  `fk_cod_mod` int(11) DEFAULT NULL,
  `fk_inep` varchar(20) CHARACTER SET utf8mb4 COLLATE utf8mb4_unicode_ci DEFAULT NULL,
  `cod_turma` int(11) DEFAULT '0',
  `cod_valor` varchar(20) CHARACTER SET utf8mb4 COLLATE utf8mb4_unicode_ci DEFAULT NULL,
  PRIMARY KEY (`id_turma`)
) ENGINE=InnoDB AUTO_INCREMENT=44 DEFAULT CHARSET=utf8mb4;

-- Copiando dados para a tabela sap_tea.turma: ~32 rows (aproximadamente)
INSERT INTO `turma` (`id_turma`, `fk_cod_enturmacao`, `fk_cod_func`, `fk_cod_mod`, `fk_inep`, `cod_turma`, `cod_valor`) VALUES
	(5, 5, 66, 63, '15874269', 0, '63-15874269'),
	(6, 6, 66, 64, '15874269', 0, '64-15874269'),
	(7, 7, 66, 65, '15874269', 0, '65-15874269'),
	(8, 8, 66, 66, '15874269', 0, '66-15874269'),
	(9, 9, 66, 57, '15874269', 0, '57-15874269'),
	(10, 10, 81, 58, '15874269', 0, '58-15874269'),
	(11, 11, 81, 59, '15874269', 0, '59-15874269'),
	(12, 12, 81, 60, '15874269', 0, '60-15874269'),
	(13, 13, 81, 61, '15874269', 0, '61-15874269'),
	(14, 14, 81, 62, '15874269', 0, '62-15874269'),
	(15, 15, 81, 67, '15874269', 0, '67-15874269'),
	(16, 16, 18, 8, '23456789', 0, '8-23456789'),
	(17, 16, 19, 8, '23456789', 0, '8-23456789'),
	(18, 16, 20, 8, '23456789', 0, '8-23456789'),
	(19, 16, 13, 8, '23456789', 0, '8-23456789'),
	(20, 17, 64, 35, '78901234', 0, '35-78901234'),
	(21, 18, 64, 36, '78901234', 0, '36-78901234'),
	(22, 19, 64, 34, '78901234', 0, '34-78901234'),
	(28, 23, 25, 40, '78901234', 0, '40-78901234'),
	(29, 24, 25, 41, '78901234', 0, '41-78901234'),
	(30, 25, 25, 42, '78901234', 0, '42-78901234'),
	(31, 26, 25, 43, '78901234', 0, '43-78901234'),
	(32, 23, 26, 40, '78901234', 0, '40-78901234'),
	(33, 24, 26, 41, '78901234', 0, '41-78901234'),
	(34, 22, 26, 39, '78901234', 0, '39-78901234'),
	(35, 27, 79, 1, '12375642', 0, '1-12375642'),
	(36, 27, 80, 1, '12375642', 0, '1-12375642'),
	(37, 17, 8, 35, '78901234', 0, '35-78901234'),
	(38, 18, 8, 36, '78901234', 0, '36-78901234'),
	(39, 28, 8, 37, '78901234', 0, '37-78901234'),
	(40, 29, 8, 38, '78901234', 0, '38-78901234'),
	(41, 22, 8, 39, '78901234', 0, '39-78901234'),
	(43, 27, 82, 1, '12375642', 0, '1-12375642');

-- Copiando estrutura para tabela sap_tea.users
CREATE TABLE IF NOT EXISTS `users` (
  `id` bigint(20) unsigned NOT NULL AUTO_INCREMENT,
  `name` varchar(255) COLLATE utf8mb4_unicode_ci NOT NULL,
  `email` varchar(255) COLLATE utf8mb4_unicode_ci NOT NULL,
  `email_verified_at` timestamp NULL DEFAULT NULL,
  `password` varchar(255) COLLATE utf8mb4_unicode_ci NOT NULL,
  `remember_token` varchar(100) COLLATE utf8mb4_unicode_ci DEFAULT NULL,
  `created_at` timestamp NULL DEFAULT NULL,
  `updated_at` timestamp NULL DEFAULT NULL,
  PRIMARY KEY (`id`),
  UNIQUE KEY `users_email_unique` (`email`)
) ENGINE=InnoDB DEFAULT CHARSET=utf8mb4 COLLATE=utf8mb4_unicode_ci;

-- Copiando dados para a tabela sap_tea.users: ~0 rows (aproximadamente)

/*!40103 SET TIME_ZONE=IFNULL(@OLD_TIME_ZONE, 'system') */;
/*!40101 SET SQL_MODE=IFNULL(@OLD_SQL_MODE, '') */;
/*!40014 SET FOREIGN_KEY_CHECKS=IFNULL(@OLD_FOREIGN_KEY_CHECKS, 1) */;
/*!40101 SET CHARACTER_SET_CLIENT=@OLD_CHARACTER_SET_CLIENT */;
/*!40111 SET SQL_NOTES=IFNULL(@OLD_SQL_NOTES, 1) */;
